name	layer	type
ALB	transcriptomic	gene
APOA2	transcriptomic	gene
APOC1	transcriptomic	gene
UBC	transcriptomic	gene
ACADS	transcriptomic	gene
PPP2R1B	transcriptomic	gene
PPARGC1A	transcriptomic	gene
ECI1	transcriptomic	gene
ABCA5	transcriptomic	gene
HMGCR	transcriptomic	gene
FUOM	transcriptomic	gene
LDLR	transcriptomic	gene
ABCG1	transcriptomic	gene
MID1IP1	transcriptomic	gene
UAP1	transcriptomic	gene
RORA	transcriptomic	gene
PMVK	transcriptomic	gene
GAL3ST1	transcriptomic	gene
ABCA10	transcriptomic	gene
AMDHD2	transcriptomic	gene
IDI1	transcriptomic	gene
HMGCS2	transcriptomic	gene
CGA	transcriptomic	gene
NR1D1	transcriptomic	gene
MED11	transcriptomic	gene
PIK3C2G	transcriptomic	gene
PIK3R1	transcriptomic	gene
PNPLA8	transcriptomic	gene
PMM1	transcriptomic	gene
ABCA9	transcriptomic	gene
RENBP	transcriptomic	gene
ACOT2	transcriptomic	gene
ENPP7	transcriptomic	gene
PNPLA3	transcriptomic	gene
HSD17B14	transcriptomic	gene
ITPR1	transcriptomic	gene
LPCAT4	transcriptomic	gene
PCYT2	transcriptomic	gene
CHD9	transcriptomic	gene
SCD	transcriptomic	gene
INPP5D	transcriptomic	gene
SLC22A5	transcriptomic	gene
PLA2R1	transcriptomic	gene
ACOT11	transcriptomic	gene
GPCPD1	transcriptomic	gene
OSBPL3	transcriptomic	gene
HSD17B1	transcriptomic	gene
B4GALT5	transcriptomic	gene
THEM4	transcriptomic	gene
ITPR2	transcriptomic	gene
B3GNT5	transcriptomic	gene
CYP8B1	transcriptomic	gene
ARSF	transcriptomic	gene
MIR33B	transcriptomic	gene
SBF2	transcriptomic	gene
ST6GALNAC3	transcriptomic	gene
MYLIP	transcriptomic	gene
ITPR3	transcriptomic	gene
ACSL4	transcriptomic	gene
GDPD3	transcriptomic	gene
AHR	transcriptomic	gene
PLTP	transcriptomic	gene
CYP2R1	transcriptomic	gene
GPX4	transcriptomic	gene
HSD3B1	transcriptomic	gene
ESYT3	transcriptomic	gene
ACSS3	transcriptomic	gene
PPARA	transcriptomic	gene
CYP4A11	transcriptomic	gene
MTMR7	transcriptomic	gene
NCEH1	transcriptomic	gene
ETNPPL	transcriptomic	gene
NUDT19	transcriptomic	gene
ACADL	transcriptomic	gene
ETNK2	transcriptomic	gene
MED16	transcriptomic	gene
PIP5K1B	transcriptomic	gene
PLEKHA6	transcriptomic	gene
HSD17B3	transcriptomic	gene
ORMDL1	transcriptomic	gene
CYP4F3	transcriptomic	gene
LIPG	transcriptomic	gene
CARM1	transcriptomic	gene
ARL4C	transcriptomic	gene
ALG12	transcriptomic	gene
CYP27B1	transcriptomic	gene
MED29	transcriptomic	gene
AGPAT1	transcriptomic	gene
ME1	transcriptomic	gene
PIAS4	transcriptomic	gene
NCOR2	transcriptomic	gene
CLN3	transcriptomic	gene
DOLPP1	transcriptomic	gene
NAGK	transcriptomic	gene
DPM3	transcriptomic	gene
PIK3C2B	transcriptomic	gene
ARSA	transcriptomic	gene
CDIPT	transcriptomic	gene
AGPAT2	transcriptomic	gene
SCARB1	transcriptomic	gene
FURIN	transcriptomic	gene
PIK3R3	transcriptomic	gene
PNPLA6	transcriptomic	gene
FDX2	transcriptomic	gene
AP2S1	transcriptomic	gene
NUDT14	transcriptomic	gene
SLC27A5	transcriptomic	gene
PIP5K1C	transcriptomic	gene
DOLK	transcriptomic	gene
SLC27A1	transcriptomic	gene
PTDSS2	transcriptomic	gene
DPM2	transcriptomic	gene
ST6GALNAC6	transcriptomic	gene
DHCR24	transcriptomic	gene
DUSP23	transcriptomic	gene
ENPP6	transcriptomic	gene
ST6GALNAC4	transcriptomic	gene
GFUS	transcriptomic	gene
AP2A1	transcriptomic	gene
PTGES2	transcriptomic	gene
TM7SF2	transcriptomic	gene
HAO2	transcriptomic	gene
FITM2	transcriptomic	gene
LSS	transcriptomic	gene
PTPN6	transcriptomic	gene
LSR	transcriptomic	gene
MBOAT7	transcriptomic	gene
SPHK2	transcriptomic	gene
CEL	transcriptomic	gene
RPP14	transcriptomic	gene
S1PR2	transcriptomic	gene
CSNK1G2	transcriptomic	gene
CPTP	transcriptomic	gene
ACOT8	transcriptomic	gene
TSPO	transcriptomic	gene
GLTP	transcriptomic	gene
CYP17A1	transcriptomic	gene
ESRRA	transcriptomic	gene
LPAR2	transcriptomic	gene
PITPNM1	transcriptomic	gene
PLA2G15	transcriptomic	gene
ESYT1	transcriptomic	gene
PNPLA2	transcriptomic	gene
PLAAT4	transcriptomic	gene
CYP4A22	transcriptomic	gene
NUDT7	transcriptomic	gene
GGT5	transcriptomic	gene
AMN	transcriptomic	gene
MVD	transcriptomic	gene
ST3GAL2	transcriptomic	gene
PLD2	transcriptomic	gene
PTGES	transcriptomic	gene
PTGIS	transcriptomic	gene
LGALS9	transcriptomic	gene
SAA1	transcriptomic	gene
C3	transcriptomic	gene
COL3A1	transcriptomic	gene
VCAN	transcriptomic	gene
CHI3L1	transcriptomic	gene
LYZ	transcriptomic	gene
SERPINC1	transcriptomic	gene
COL6A3	transcriptomic	gene
MLXIPL	transcriptomic	gene
SRSF5	transcriptomic	gene
HSP90AA1	transcriptomic	gene
CITED2	transcriptomic	gene
ELL2	transcriptomic	gene
SAT1	transcriptomic	gene
FOSB	transcriptomic	gene
HNRNPA2B1	transcriptomic	gene
AKAP13	transcriptomic	gene
NR4A1	transcriptomic	gene
DDX5	transcriptomic	gene
RGS1	transcriptomic	gene
SGK1	transcriptomic	gene
PDE7A	transcriptomic	gene
OXER1	transcriptomic	gene
TUBGCP3	transcriptomic	gene
GADD45A	transcriptomic	gene
IL1RL1	transcriptomic	gene
ZNF331	transcriptomic	gene
GLYCTK	transcriptomic	gene
FERMT2	transcriptomic	gene
NR4A3	transcriptomic	gene
TSC22D3	transcriptomic	gene
GNG11	transcriptomic	gene
PDE4D	transcriptomic	gene
IFIT5	transcriptomic	gene
TRMT11	transcriptomic	gene
SLC25A27	transcriptomic	gene
PNN	transcriptomic	gene
NUDT8	transcriptomic	gene
MRPS34	transcriptomic	gene
RIMKLB	transcriptomic	gene
RFNG	transcriptomic	gene
GJB1	transcriptomic	gene
MERTK	transcriptomic	gene
SLC19A2	transcriptomic	gene
ECSIT	transcriptomic	gene
HAAO	transcriptomic	gene
RHOBTB3	transcriptomic	gene
LUC7L3	transcriptomic	gene
TAS2R46	transcriptomic	gene
CTSS	transcriptomic	gene
HSPH1	transcriptomic	gene
WSB1	transcriptomic	gene
PPFIA2	transcriptomic	gene
CENPC	transcriptomic	gene
RPS15A	transcriptomic	gene
SLC29A3	transcriptomic	gene
TSPYL2	transcriptomic	gene
NR4A2	transcriptomic	gene
RDH12	transcriptomic	gene
COL10A1	transcriptomic	gene
FGD4	transcriptomic	gene
CALM1	transcriptomic	gene
KLHL3	transcriptomic	gene
RBBP8	transcriptomic	gene
SRSF11	transcriptomic	gene
OGT	transcriptomic	gene
BDP1	transcriptomic	gene
CHD1	transcriptomic	gene
GRB14	transcriptomic	gene
AHCY	transcriptomic	gene
HDAC5	transcriptomic	gene
WNK1	transcriptomic	gene
JADE1	transcriptomic	gene
PGAM2	transcriptomic	gene
BCL2L11	transcriptomic	gene
KCTD3	transcriptomic	gene
HPN	transcriptomic	gene
RALGAPA1	transcriptomic	gene
XRN1	transcriptomic	gene
P4HA1	transcriptomic	gene
AIP	transcriptomic	gene
MIR32	transcriptomic	gene
ATP6V0C	transcriptomic	gene
OR51M1	transcriptomic	gene
DBP	transcriptomic	gene
PDE8A	transcriptomic	gene
SLC20A1	transcriptomic	gene
SESN2	transcriptomic	gene
SRSF1	transcriptomic	gene
FAM91A1	transcriptomic	gene
HNRNPDL	transcriptomic	gene
P3H2	transcriptomic	gene
SLK	transcriptomic	gene
MTR	transcriptomic	gene
IMP3	transcriptomic	gene
FILIP1	transcriptomic	gene
RNPC3	transcriptomic	gene
DICER1	transcriptomic	gene
WDR18	transcriptomic	gene
LONRF1	transcriptomic	gene
ATP5F1D	transcriptomic	gene
OR2T29	transcriptomic	gene
SYNE1	transcriptomic	gene
ZNF684	transcriptomic	gene
GHDC	transcriptomic	gene
KLRB1	transcriptomic	gene
AHI1	transcriptomic	gene
LTB	transcriptomic	gene
PFKFB2	transcriptomic	gene
PRODH	transcriptomic	gene
PTGER3	transcriptomic	gene
NFKBIA	transcriptomic	gene
CYBB	transcriptomic	gene
ARHGEF26	transcriptomic	gene
ABHD17A	transcriptomic	gene
FBXO21	transcriptomic	gene
YTHDC2	transcriptomic	gene
CTPS1	transcriptomic	gene
HNRNPU	transcriptomic	gene
RBM39	transcriptomic	gene
ETS2	transcriptomic	gene
BGN	transcriptomic	gene
CLASP1	transcriptomic	gene
AFDN	transcriptomic	gene
ZNF184	transcriptomic	gene
UBR4	transcriptomic	gene
OR56A5	transcriptomic	gene
LUM	transcriptomic	gene
AMELX	transcriptomic	gene
HLA-DQA2	transcriptomic	gene
DHRS4	transcriptomic	gene
PYCARD	transcriptomic	gene
SLAMF7	transcriptomic	gene
FXR1	transcriptomic	gene
NAT8	transcriptomic	gene
SEMA6D	transcriptomic	gene
AXL	transcriptomic	gene
GMFG	transcriptomic	gene
CLDN3	transcriptomic	gene
SLC16A7	transcriptomic	gene
BIRC6	transcriptomic	gene
SHPRH	transcriptomic	gene
IL2RG	transcriptomic	gene
SRSF7	transcriptomic	gene
COL4A3	transcriptomic	gene
LIFR	transcriptomic	gene
RBM25	transcriptomic	gene
LTF	transcriptomic	gene
RNASE6	transcriptomic	gene
LCP1	transcriptomic	gene
ZNF10	transcriptomic	gene
PTPRC	transcriptomic	gene
SF3B1	transcriptomic	gene
DOCK7	transcriptomic	gene
MIR206	transcriptomic	gene
WEE1	transcriptomic	gene
ZNF430	transcriptomic	gene
MNDA	transcriptomic	gene
AASS	transcriptomic	gene
SOX4	transcriptomic	gene
BHLHE40	transcriptomic	gene
NME3	transcriptomic	gene
TRMT13	transcriptomic	gene
SELPLG	transcriptomic	gene
CPNE8	transcriptomic	gene
CAPN6	transcriptomic	gene
DYNC2H1	transcriptomic	gene
AFF4	transcriptomic	gene
BLVRB	transcriptomic	gene
CCNH	transcriptomic	gene
CISH	transcriptomic	gene
HLA-DMB	transcriptomic	gene
NAT8B	transcriptomic	gene
KLKB1	transcriptomic	gene
ADGRF5	transcriptomic	gene
CALCR	transcriptomic	gene
EPB41L5	transcriptomic	gene
KHK	transcriptomic	gene
KDM4C	transcriptomic	gene
PYY	transcriptomic	gene
SLC39A5	transcriptomic	gene
GZMH	transcriptomic	gene
HNRNPA1	transcriptomic	gene
ADAMTS19	transcriptomic	gene
CXCL16	transcriptomic	gene
CFLAR	transcriptomic	gene
RCL1	transcriptomic	gene
MSTN	transcriptomic	gene
GABARAPL1	transcriptomic	gene
SCN2A	transcriptomic	gene
UBD	transcriptomic	gene
PSMB10	transcriptomic	gene
IL6ST	transcriptomic	gene
PLCE1	transcriptomic	gene
RPP21	transcriptomic	gene
KLF9	transcriptomic	gene
CAPN7	transcriptomic	gene
GALK1	transcriptomic	gene
ZFP36	transcriptomic	gene
IFITM2	transcriptomic	gene
RNU12	transcriptomic	gene
DGKH	transcriptomic	gene
TAC1	transcriptomic	gene
SLC34A2	transcriptomic	gene
ARMC8	transcriptomic	gene
SCN7A	transcriptomic	gene
ATXN7	transcriptomic	gene
TFRC	transcriptomic	gene
CFB	transcriptomic	gene
KIF21A	transcriptomic	gene
YAF2	transcriptomic	gene
WDR91	transcriptomic	gene
SNX3	transcriptomic	gene
OXT	transcriptomic	gene
APRT	transcriptomic	gene
ERBB4	transcriptomic	gene
FASTKD2	transcriptomic	gene
DST	transcriptomic	gene
ARID4A	transcriptomic	gene
KCNA7	transcriptomic	gene
LTN1	transcriptomic	gene
RBL2	transcriptomic	gene
RGS10	transcriptomic	gene
ITLN1	transcriptomic	gene
PLXNA2	transcriptomic	gene
HBA1	transcriptomic	gene
TRPM7	transcriptomic	gene
HLA-DPB1	transcriptomic	gene
DUSP6	transcriptomic	gene
LGALS1	transcriptomic	gene
MYSM1	transcriptomic	gene
THOC2	transcriptomic	gene
KRR1	transcriptomic	gene
SLC22A7	transcriptomic	gene
SRSF10	transcriptomic	gene
GP2	transcriptomic	gene
TAS2R14	transcriptomic	gene
MBIP	transcriptomic	gene
UBE2G2	transcriptomic	gene
SLC34A3	transcriptomic	gene
ZMYM2	transcriptomic	gene
ATP11B	transcriptomic	gene
ATP1A1	transcriptomic	gene
RCAN3	transcriptomic	gene
SLPI	transcriptomic	gene
RHOB	transcriptomic	gene
TET2	transcriptomic	gene
IL10RA	transcriptomic	gene
GCDH	transcriptomic	gene
CTSV	transcriptomic	gene
SLC43A1	transcriptomic	gene
WFDC2	transcriptomic	gene
CAPN13	transcriptomic	gene
PTPRO	transcriptomic	gene
IL6R	transcriptomic	gene
KIF13B	transcriptomic	gene
DNAJB1	transcriptomic	gene
LY86	transcriptomic	gene
ESRRG	transcriptomic	gene
ZP2	transcriptomic	gene
FCER1A	transcriptomic	gene
DOCK5	transcriptomic	gene
PTPN4	transcriptomic	gene
NR1I3	transcriptomic	gene
ZNF727	transcriptomic	gene
REV1	transcriptomic	gene
CACNB4	transcriptomic	gene
ANKRD26	transcriptomic	gene
TLE4	transcriptomic	gene
GPR65	transcriptomic	gene
CD48	transcriptomic	gene
ATP6V1C2	transcriptomic	gene
CENPW	transcriptomic	gene
PTCD3	transcriptomic	gene
CA4	transcriptomic	gene
HLA-DQA1	transcriptomic	gene
HS6ST2	transcriptomic	gene
COPE	transcriptomic	gene
HBEGF	transcriptomic	gene
KDM7A	transcriptomic	gene
BRWD1	transcriptomic	gene
SLC22A13	transcriptomic	gene
CXCL6	transcriptomic	gene
PDE10A	transcriptomic	gene
KCNV2	transcriptomic	gene
FBXW11	transcriptomic	gene
DZIP3	transcriptomic	gene
BASP1	transcriptomic	gene
HERC3	transcriptomic	gene
PER1	transcriptomic	gene
MECOM	transcriptomic	gene
CPM	transcriptomic	gene
CD53	transcriptomic	gene
CD79A	transcriptomic	gene
APOBEC2	transcriptomic	gene
HNRNPA3	transcriptomic	gene
ANKRD28	transcriptomic	gene
FN1	transcriptomic	gene
USP17L5	transcriptomic	gene
CTDNEP1	transcriptomic	gene
CHST15	transcriptomic	gene
JUN	transcriptomic	gene
PCF11	transcriptomic	gene
MAGI2	transcriptomic	gene
UCP2	transcriptomic	gene
RPRD1A	transcriptomic	gene
TGFBR3	transcriptomic	gene
EIF2AK3	transcriptomic	gene
KLHL20	transcriptomic	gene
ATRX	transcriptomic	gene
RAPGEF2	transcriptomic	gene
HAVCR1	transcriptomic	gene
TCERG1	transcriptomic	gene
HNRNPC	transcriptomic	gene
CTSG	transcriptomic	gene
RICTOR	transcriptomic	gene
SEC16B	transcriptomic	gene
GPT	transcriptomic	gene
HNRNPH1	transcriptomic	gene
NTNG1	transcriptomic	gene
COTL1	transcriptomic	gene
CXCR6	transcriptomic	gene
MCL1	transcriptomic	gene
LIN52	transcriptomic	gene
NET1	transcriptomic	gene
C1QA	transcriptomic	gene
ITGB6	transcriptomic	gene
USP24	transcriptomic	gene
C2	transcriptomic	gene
WIPI1	transcriptomic	gene
FZD1	transcriptomic	gene
FER	transcriptomic	gene
ACY3	transcriptomic	gene
DLG2	transcriptomic	gene
SLC38A2	transcriptomic	gene
LCP2	transcriptomic	gene
CSTA	transcriptomic	gene
ROCK2	transcriptomic	gene
KIAA1549	transcriptomic	gene
GPX8	transcriptomic	gene
CACNA1D	transcriptomic	gene
DNER	transcriptomic	gene
DNAJA4	transcriptomic	gene
TEC	transcriptomic	gene
SLC26A7	transcriptomic	gene
CCL21	transcriptomic	gene
SCN8A	transcriptomic	gene
TLR7	transcriptomic	gene
CXCL9	transcriptomic	gene
LRRFIP1	transcriptomic	gene
ID2	transcriptomic	gene
EFNB2	transcriptomic	gene
PLAUR	transcriptomic	gene
AQP7	transcriptomic	gene
CHD1L	transcriptomic	gene
TBC1D17	transcriptomic	gene
POU5F1	transcriptomic	gene
LRG1	transcriptomic	gene
IFNL2	transcriptomic	gene
FUT6	transcriptomic	gene
PCOLCE2	transcriptomic	gene
BIN2	transcriptomic	gene
OLR1	transcriptomic	gene
RIPK2	transcriptomic	gene
CD180	transcriptomic	gene
TRIM50	transcriptomic	gene
MIR98	transcriptomic	gene
SLC4A7	transcriptomic	gene
NDUFAF5	transcriptomic	gene
USP25	transcriptomic	gene
ITGAX	transcriptomic	gene
CWF19L2	transcriptomic	gene
DOCK4	transcriptomic	gene
RALGAPB	transcriptomic	gene
CYFIP2	transcriptomic	gene
LIN7A	transcriptomic	gene
RANBP2	transcriptomic	gene
ZNRF2	transcriptomic	gene
CCL11	transcriptomic	gene
GLUD1	transcriptomic	gene
FBXW7	transcriptomic	gene
NCKAP1L	transcriptomic	gene
MTARC1	transcriptomic	gene
APOH	transcriptomic	gene
MMP7	transcriptomic	gene
ABCC5	transcriptomic	gene
LAMC2	transcriptomic	gene
PARD3	transcriptomic	gene
CCL19	transcriptomic	gene
ATF3	transcriptomic	gene
ATP1B3	transcriptomic	gene
SLC25A10	transcriptomic	gene
SLC5A2	transcriptomic	gene
OR6T1	transcriptomic	gene
ZC3H18	transcriptomic	gene
HSPA6	transcriptomic	gene
LMO7	transcriptomic	gene
F11	transcriptomic	gene
KCNK5	transcriptomic	gene
MCOLN3	transcriptomic	gene
SGIP1	transcriptomic	gene
KNG1	transcriptomic	gene
TOP2A	transcriptomic	gene
GOLGA4	transcriptomic	gene
KMT2C	transcriptomic	gene
MGAT4A	transcriptomic	gene
GAD1	transcriptomic	gene
KIF27	transcriptomic	gene
LY96	transcriptomic	gene
CSGALNACT1	transcriptomic	gene
PCLO	transcriptomic	gene
TAS2R31	transcriptomic	gene
GSTT1	transcriptomic	gene
CHD6	transcriptomic	gene
ABO	transcriptomic	gene
DNAJC2	transcriptomic	gene
MIRLET7A1	transcriptomic	gene
HERC1	transcriptomic	gene
C1QC	transcriptomic	gene
COX6A2	transcriptomic	gene
SLC7A2	transcriptomic	gene
CD1C	transcriptomic	gene
BOD1L1	transcriptomic	gene
CXCL10	transcriptomic	gene
MOCS2	transcriptomic	gene
SDHA	transcriptomic	gene
HTRA1	transcriptomic	gene
KIF16B	transcriptomic	gene
HSPA1B	transcriptomic	gene
SLC26A4	transcriptomic	gene
PDK4	transcriptomic	gene
TNC	transcriptomic	gene
PTPN22	transcriptomic	gene
PTH2R	transcriptomic	gene
KDELR1	transcriptomic	gene
ARHGAP42	transcriptomic	gene
COL4A4	transcriptomic	gene
CD52	transcriptomic	gene
SLC34A1	transcriptomic	gene
ITGB3	transcriptomic	gene
CYBA	transcriptomic	gene
WDR70	transcriptomic	gene
CASC3	transcriptomic	gene
ZNF25	transcriptomic	gene
ZNF675	transcriptomic	gene
JCHAIN	transcriptomic	gene
CA1	transcriptomic	gene
LCN2	transcriptomic	gene
CALCB	transcriptomic	gene
RAB40A	transcriptomic	gene
HERC2	transcriptomic	gene
MAP3K5	transcriptomic	gene
PHIP	transcriptomic	gene
BAG3	transcriptomic	gene
SHC3	transcriptomic	gene
NR0B2	transcriptomic	gene
LDHA	transcriptomic	gene
PRODH2	transcriptomic	gene
CCNA2	transcriptomic	gene
KCNJ16	transcriptomic	gene
FCN1	transcriptomic	gene
FGA	transcriptomic	gene
CD99	transcriptomic	gene
WDR19	transcriptomic	gene
LRRTM2	transcriptomic	gene
CLEC4A	transcriptomic	gene
UNC13B	transcriptomic	gene
UGT1A1	transcriptomic	gene
USP2	transcriptomic	gene
HCST	transcriptomic	gene
LGR4	transcriptomic	gene
OR10AD1	transcriptomic	gene
BRAF	transcriptomic	gene
MAOA	transcriptomic	gene
WIF1	transcriptomic	gene
TNKS2	transcriptomic	gene
SMC5	transcriptomic	gene
OR7C2	transcriptomic	gene
NAALAD2	transcriptomic	gene
OR4F15	transcriptomic	gene
DGKG	transcriptomic	gene
KIT	transcriptomic	gene
ACKR4	transcriptomic	gene
F2RL2	transcriptomic	gene
GPR176	transcriptomic	gene
CRADD	transcriptomic	gene
CBLB	transcriptomic	gene
UQCR11	transcriptomic	gene
SOCS2	transcriptomic	gene
GBP2	transcriptomic	gene
ARAP2	transcriptomic	gene
PLEK	transcriptomic	gene
APOM	transcriptomic	gene
CCL5	transcriptomic	gene
FCER1G	transcriptomic	gene
RGS2	transcriptomic	gene
TRIM8	transcriptomic	gene
SYT10	transcriptomic	gene
VCPKMT	transcriptomic	gene
SLC12A6	transcriptomic	gene
ZNF189	transcriptomic	gene
RPS6KA5	transcriptomic	gene
IQCB1	transcriptomic	gene
APOBEC3C	transcriptomic	gene
MIRLET7C	transcriptomic	gene
MFAP4	transcriptomic	gene
HSPA4L	transcriptomic	gene
MT1E	transcriptomic	gene
IFT88	transcriptomic	gene
THSD7A	transcriptomic	gene
MT3	transcriptomic	gene
LILRB4	transcriptomic	gene
TPSAB1	transcriptomic	gene
FBXW5	transcriptomic	gene
TYROBP	transcriptomic	gene
TAS2R3	transcriptomic	gene
SLC5A8	transcriptomic	gene
TXNIP	transcriptomic	gene
JAK2	transcriptomic	gene
DHX35	transcriptomic	gene
SOS2	transcriptomic	gene
LONP2	transcriptomic	gene
RIC1	transcriptomic	gene
RND3	transcriptomic	gene
TGM1	transcriptomic	gene
PFKFB1	transcriptomic	gene
CACNA1E	transcriptomic	gene
GCLC	transcriptomic	gene
ANK3	transcriptomic	gene
RPS19	transcriptomic	gene
WNK3	transcriptomic	gene
MICU3	transcriptomic	gene
CACNA2D3	transcriptomic	gene
CCL22	transcriptomic	gene
UBE2N	transcriptomic	gene
RASA1	transcriptomic	gene
NOSTRIN	transcriptomic	gene
SRGN	transcriptomic	gene
AGBL3	transcriptomic	gene
TAS2R45	transcriptomic	gene
KLF15	transcriptomic	gene
TMPRSS2	transcriptomic	gene
USP43	transcriptomic	gene
RSPO3	transcriptomic	gene
SFRP1	transcriptomic	gene
TNFRSF12A	transcriptomic	gene
RPS3A	transcriptomic	gene
CEMIP	transcriptomic	gene
SLC6A18	transcriptomic	gene
SPCS2	transcriptomic	gene
EVA1A	transcriptomic	gene
SMG1	transcriptomic	gene
PIGA	transcriptomic	gene
MIR302B	transcriptomic	gene
ACKR1	transcriptomic	gene
TRPM3	transcriptomic	gene
ZNF573	transcriptomic	gene
UVRAG	transcriptomic	gene
TAS2R10	transcriptomic	gene
DPH6	transcriptomic	gene
PRKRA	transcriptomic	gene
MSRA	transcriptomic	gene
G6PC3	transcriptomic	gene
DPPA2	transcriptomic	gene
DDX17	transcriptomic	gene
KDM6B	transcriptomic	gene
KANK1	transcriptomic	gene
REV3L	transcriptomic	gene
FOXO3	transcriptomic	gene
TIMP1	transcriptomic	gene
LRP10	transcriptomic	gene
PLG	transcriptomic	gene
CPA3	transcriptomic	gene
MIR9-1	transcriptomic	gene
MDM4	transcriptomic	gene
FPR3	transcriptomic	gene
S100A9	transcriptomic	gene
ZNF711	transcriptomic	gene
OR4S2	transcriptomic	gene
CEP83	transcriptomic	gene
SUPT5H	transcriptomic	gene
INTS4	transcriptomic	gene
PCK1	transcriptomic	gene
OR9A2	transcriptomic	gene
SYNE2	transcriptomic	gene
FXYD1	transcriptomic	gene
BIRC3	transcriptomic	gene
CD3D	transcriptomic	gene
ATP10A	transcriptomic	gene
KCNS3	transcriptomic	gene
SIK1	transcriptomic	gene
PCDH15	transcriptomic	gene
HSPA1A	transcriptomic	gene
ZNF519	transcriptomic	gene
RNU5A-1	transcriptomic	gene
NDEL1	transcriptomic	gene
DUSP1	transcriptomic	gene
FBXO9	transcriptomic	gene
OAZ2	transcriptomic	gene
RPS6KA6	transcriptomic	gene
ADHFE1	transcriptomic	gene
ACO1	transcriptomic	gene
ATP8B4	transcriptomic	gene
ZFP36L1	transcriptomic	gene
MRC1	transcriptomic	gene
RPL18A	transcriptomic	gene
TTC21B	transcriptomic	gene
OMG	transcriptomic	gene
CCL2	transcriptomic	gene
VPS37B	transcriptomic	gene
SFPQ	transcriptomic	gene
NPY1R	transcriptomic	gene
TIMP3	transcriptomic	gene
HNF1B	transcriptomic	gene
RAB11B	transcriptomic	gene
KEAP1	transcriptomic	gene
CD2	transcriptomic	gene
RHOQ	transcriptomic	gene
FBLN1	transcriptomic	gene
OR51I1	transcriptomic	gene
PPP6R1	transcriptomic	gene
SLC25A6	transcriptomic	gene
GATAD2A	transcriptomic	gene
MCOLN1	transcriptomic	gene
PSMB6	transcriptomic	gene
RPS5	transcriptomic	gene
OSMR	transcriptomic	gene
BTG2	transcriptomic	gene
ELOB	transcriptomic	gene
SQSTM1	transcriptomic	gene
NOTCH2NLA	transcriptomic	gene
NAA38	transcriptomic	gene
TIMM8B	transcriptomic	gene
NDUFA11	transcriptomic	gene
GRB2	transcriptomic	gene
FOXK1	transcriptomic	gene
OST4	transcriptomic	gene
TIA1	transcriptomic	gene
SSR4	transcriptomic	gene
ADAMTSL3	transcriptomic	gene
RPS2	transcriptomic	gene
IFI16	transcriptomic	gene
PDE5A	transcriptomic	gene
PLXNB1	transcriptomic	gene
UBN1	transcriptomic	gene
PTBP1	transcriptomic	gene
ITGB8	transcriptomic	gene
CFH	transcriptomic	gene
CD151	transcriptomic	gene
MRPL41	transcriptomic	gene
ARRB2	transcriptomic	gene
SMG9	transcriptomic	gene
PAPPA	transcriptomic	gene
DEPDC1B	transcriptomic	gene
SMARCB1	transcriptomic	gene
MGAT4B	transcriptomic	gene
MGRN1	transcriptomic	gene
TRIM28	transcriptomic	gene
NR2F2	transcriptomic	gene
EIF3G	transcriptomic	gene
ASCC2	transcriptomic	gene
FMO3	transcriptomic	gene
MIF	transcriptomic	gene
TAPBP	transcriptomic	gene
GPR18	transcriptomic	gene
SERPINE1	transcriptomic	gene
THG1L	transcriptomic	gene
RCC1L	transcriptomic	gene
LAMTOR1	transcriptomic	gene
GRN	transcriptomic	gene
BAG6	transcriptomic	gene
TPGS2	transcriptomic	gene
HCFC1	transcriptomic	gene
ZNF141	transcriptomic	gene
TBCB	transcriptomic	gene
SNRNP40	transcriptomic	gene
ARAF	transcriptomic	gene
GPR183	transcriptomic	gene
TRIM56	transcriptomic	gene
ARHGDIA	transcriptomic	gene
STX4	transcriptomic	gene
NME1	transcriptomic	gene
PLCB4	transcriptomic	gene
VPS4A	transcriptomic	gene
LAMTOR2	transcriptomic	gene
ZBTB16	transcriptomic	gene
STX5	transcriptomic	gene
COPS7A	transcriptomic	gene
LGALS3BP	transcriptomic	gene
RBCK1	transcriptomic	gene
MGAM	transcriptomic	gene
DOCK10	transcriptomic	gene
MICOS13	transcriptomic	gene
ANAPC11	transcriptomic	gene
RBP4	transcriptomic	gene
ARAP1	transcriptomic	gene
OR2T34	transcriptomic	gene
MRI1	transcriptomic	gene
SLIT2	transcriptomic	gene
TRPM6	transcriptomic	gene
MAP3K8	transcriptomic	gene
ANXA1	transcriptomic	gene
TNFSF13	transcriptomic	gene
RGS12	transcriptomic	gene
ATG101	transcriptomic	gene
TP53	transcriptomic	gene
IRAK3	transcriptomic	gene
CYS1	transcriptomic	gene
GTF2F1	transcriptomic	gene
U2AF2	transcriptomic	gene
LSM2	transcriptomic	gene
UQCC2	transcriptomic	gene
BANF1	transcriptomic	gene
SNRPC	transcriptomic	gene
TRIAP1	transcriptomic	gene
OAZ1	transcriptomic	gene
UCKL1	transcriptomic	gene
CST3	transcriptomic	gene
CHERP	transcriptomic	gene
PLN	transcriptomic	gene
PKN1	transcriptomic	gene
AKT2	transcriptomic	gene
DOCK11	transcriptomic	gene
MEF2D	transcriptomic	gene
GRB7	transcriptomic	gene
RELA	transcriptomic	gene
RPS6KB2	transcriptomic	gene
HOMER3	transcriptomic	gene
GLE1	transcriptomic	gene
BRI3	transcriptomic	gene
IYD	transcriptomic	gene
ABCC9	transcriptomic	gene
ARHGAP1	transcriptomic	gene
RAB1B	transcriptomic	gene
SRM	transcriptomic	gene
PRKCSH	transcriptomic	gene
HRG	transcriptomic	gene
NFIC	transcriptomic	gene
CRB3	transcriptomic	gene
MAN2B1	transcriptomic	gene
SNORD3A	transcriptomic	gene
SHKBP1	transcriptomic	gene
RAB36	transcriptomic	gene
PXMP4	transcriptomic	gene
HIF1AN	transcriptomic	gene
RAD23A	transcriptomic	gene
OR2T11	transcriptomic	gene
SERINC2	transcriptomic	gene
PPP4C	transcriptomic	gene
SCN3A	transcriptomic	gene
VPS18	transcriptomic	gene
COL14A1	transcriptomic	gene
AK1	transcriptomic	gene
XRCC1	transcriptomic	gene
ANGPT2	transcriptomic	gene
MXD4	transcriptomic	gene
EPHB4	transcriptomic	gene
BCL9L	transcriptomic	gene
LAMA5	transcriptomic	gene
SETD1B	transcriptomic	gene
SIGMAR1	transcriptomic	gene
GGA3	transcriptomic	gene
SUFU	transcriptomic	gene
CASP6	transcriptomic	gene
HLA-C	transcriptomic	gene
ABL1	transcriptomic	gene
PGLS	transcriptomic	gene
KMT2D	transcriptomic	gene
POLE3	transcriptomic	gene
USF2	transcriptomic	gene
HIGD2A	transcriptomic	gene
MRPL54	transcriptomic	gene
RPS19BP1	transcriptomic	gene
TADA3	transcriptomic	gene
NDUFB7	transcriptomic	gene
CDK4	transcriptomic	gene
PRPF31	transcriptomic	gene
TNFSF10	transcriptomic	gene
GNA11	transcriptomic	gene
COL18A1	transcriptomic	gene
EHMT2	transcriptomic	gene
OR2T5	transcriptomic	gene
MYC	transcriptomic	gene
F2RL1	transcriptomic	gene
HRAS	transcriptomic	gene
ZC3H3	transcriptomic	gene
CYB5R3	transcriptomic	gene
NOC4L	transcriptomic	gene
PRKRIP1	transcriptomic	gene
ZNRF1	transcriptomic	gene
POLR2D	transcriptomic	gene
BOP1	transcriptomic	gene
CHID1	transcriptomic	gene
SORBS3	transcriptomic	gene
AKAP12	transcriptomic	gene
CXXC1	transcriptomic	gene
RHOT2	transcriptomic	gene
ATF5	transcriptomic	gene
BAD	transcriptomic	gene
UPB1	transcriptomic	gene
ZNF208	transcriptomic	gene
MRPL4	transcriptomic	gene
CD163	transcriptomic	gene
CCND1	transcriptomic	gene
DCTPP1	transcriptomic	gene
PRLR	transcriptomic	gene
ETHE1	transcriptomic	gene
EIF4E3	transcriptomic	gene
RABEPK	transcriptomic	gene
FKBP5	transcriptomic	gene
CLPP	transcriptomic	gene
TYMP	transcriptomic	gene
BLOC1S3	transcriptomic	gene
B4GALT7	transcriptomic	gene
MINK1	transcriptomic	gene
RAB32	transcriptomic	gene
HPS1	transcriptomic	gene
GIPC1	transcriptomic	gene
LYRM7	transcriptomic	gene
WDR82	transcriptomic	gene
BABAM1	transcriptomic	gene
DPP7	transcriptomic	gene
TP53I3	transcriptomic	gene
CAMK1	transcriptomic	gene
SF3B4	transcriptomic	gene
SGF29	transcriptomic	gene
MRPL34	transcriptomic	gene
NOB1	transcriptomic	gene
CHCHD2	transcriptomic	gene
MME	transcriptomic	gene
FOS	transcriptomic	gene
PCGF2	transcriptomic	gene
FAAP20	transcriptomic	gene
ERCC1	transcriptomic	gene
CCS	transcriptomic	gene
MRPL14	transcriptomic	gene
ADRM1	transcriptomic	gene
CX3CL1	transcriptomic	gene
ATN1	transcriptomic	gene
EPN1	transcriptomic	gene
PSPH	transcriptomic	gene
HLA-F	transcriptomic	gene
MRPL12	transcriptomic	gene
ADPRS	transcriptomic	gene
CEP164	transcriptomic	gene
POLR3H	transcriptomic	gene
SKP2	transcriptomic	gene
CNPY3	transcriptomic	gene
ZBTB33	transcriptomic	gene
TLR3	transcriptomic	gene
TRIM25	transcriptomic	gene
LTBR	transcriptomic	gene
SPSB3	transcriptomic	gene
BRD4	transcriptomic	gene
CD74	transcriptomic	gene
MTNR1A	transcriptomic	gene
THRA	transcriptomic	gene
NOSIP	transcriptomic	gene
CTSD	transcriptomic	gene
GPRIN1	transcriptomic	gene
CRCP	transcriptomic	gene
CNOT3	transcriptomic	gene
COA6	transcriptomic	gene
RRBP1	transcriptomic	gene
TOLLIP	transcriptomic	gene
STK11	transcriptomic	gene
COL6A2	transcriptomic	gene
SCN9A	transcriptomic	gene
F12	transcriptomic	gene
LYRM4	transcriptomic	gene
CPSF1	transcriptomic	gene
TFPT	transcriptomic	gene
JUP	transcriptomic	gene
GEMIN4	transcriptomic	gene
FARSA	transcriptomic	gene
PAPPA2	transcriptomic	gene
LIG1	transcriptomic	gene
PSMD9	transcriptomic	gene
CRTC2	transcriptomic	gene
TMC1	transcriptomic	gene
WWC1	transcriptomic	gene
FBXO17	transcriptomic	gene
TAF6	transcriptomic	gene
NECTIN2	transcriptomic	gene
P2RX5	transcriptomic	gene
VNN1	transcriptomic	gene
RAMP2	transcriptomic	gene
ZNF70	transcriptomic	gene
GET4	transcriptomic	gene
STAP2	transcriptomic	gene
RNF181	transcriptomic	gene
FKBP8	transcriptomic	gene
EXOSC4	transcriptomic	gene
FANCF	transcriptomic	gene
MAD1L1	transcriptomic	gene
CANT1	transcriptomic	gene
VPS37C	transcriptomic	gene
TOR1B	transcriptomic	gene
POMK	transcriptomic	gene
RPL12	transcriptomic	gene
GET3	transcriptomic	gene
DDA1	transcriptomic	gene
SMUG1	transcriptomic	gene
UBE2O	transcriptomic	gene
RRAS	transcriptomic	gene
LSM7	transcriptomic	gene
KRTAP5-7	transcriptomic	gene
E2F4	transcriptomic	gene
NPRL3	transcriptomic	gene
SLC2A8	transcriptomic	gene
LENG1	transcriptomic	gene
SART1	transcriptomic	gene
PAOX	transcriptomic	gene
MRPL28	transcriptomic	gene
LIN37	transcriptomic	gene
WDR81	transcriptomic	gene
NHP2	transcriptomic	gene
MTX1	transcriptomic	gene
WDR83	transcriptomic	gene
DTX4	transcriptomic	gene
VEGFB	transcriptomic	gene
RDH5	transcriptomic	gene
IFI44	transcriptomic	gene
MLLT1	transcriptomic	gene
LRP5	transcriptomic	gene
NFIX	transcriptomic	gene
GALNS	transcriptomic	gene
MAD2L2	transcriptomic	gene
SLC35B2	transcriptomic	gene
YIF1A	transcriptomic	gene
RAP2B	transcriptomic	gene
DNAL4	transcriptomic	gene
XAB2	transcriptomic	gene
GNB3	transcriptomic	gene
PRKAR1B	transcriptomic	gene
MRPL44	transcriptomic	gene
BMP4	transcriptomic	gene
RUVBL2	transcriptomic	gene
IL17RC	transcriptomic	gene
SLC5A11	transcriptomic	gene
TLE5	transcriptomic	gene
LMAN2	transcriptomic	gene
VANGL1	transcriptomic	gene
MUL1	transcriptomic	gene
GSTP1	transcriptomic	gene
TSTD1	transcriptomic	gene
MCRIP1	transcriptomic	gene
POLR2I	transcriptomic	gene
RNU4ATAC	transcriptomic	gene
ATG4D	transcriptomic	gene
IP6K3	transcriptomic	gene
ZNF830	transcriptomic	gene
SLC25A11	transcriptomic	gene
POLD4	transcriptomic	gene
DNASE1L1	transcriptomic	gene
NUDT1	transcriptomic	gene
POLR2G	transcriptomic	gene
LAMTOR4	transcriptomic	gene
PRELID1	transcriptomic	gene
NDOR1	transcriptomic	gene
SEC61B	transcriptomic	gene
EFHD2	transcriptomic	gene
TAGLN2	transcriptomic	gene
NDUFS7	transcriptomic	gene
MRPL22	transcriptomic	gene
WIPF2	transcriptomic	gene
HLA-E	transcriptomic	gene
OGG1	transcriptomic	gene
STUB1	transcriptomic	gene
TMEM177	transcriptomic	gene
CAPN12	transcriptomic	gene
HGS	transcriptomic	gene
TBC1D24	transcriptomic	gene
NELFB	transcriptomic	gene
MASP1	transcriptomic	gene
TMEM63A	transcriptomic	gene
POLR2L	transcriptomic	gene
RANGRF	transcriptomic	gene
SPPL2B	transcriptomic	gene
WDR24	transcriptomic	gene
ERF	transcriptomic	gene
STX10	transcriptomic	gene
CDC42EP5	transcriptomic	gene
MYH11	transcriptomic	gene
COMT	transcriptomic	gene
SF3B5	transcriptomic	gene
PIGO	transcriptomic	gene
SVBP	transcriptomic	gene
RAB3IL1	transcriptomic	gene
HLA-B	transcriptomic	gene
CYP3A5	transcriptomic	gene
ZNF785	transcriptomic	gene
PLCD3	transcriptomic	gene
BLOC1S4	transcriptomic	gene
NDUFA7	transcriptomic	gene
ZNF771	transcriptomic	gene
FZD8	transcriptomic	gene
BMF	transcriptomic	gene
TMEM11	transcriptomic	gene
PREB	transcriptomic	gene
HAUS1	transcriptomic	gene
DENND6B	transcriptomic	gene
AJUBA	transcriptomic	gene
HPD	transcriptomic	gene
SNAPIN	transcriptomic	gene
DCAKD	transcriptomic	gene
SGSH	transcriptomic	gene
COQ4	transcriptomic	gene
KLF16	transcriptomic	gene
RPP25	transcriptomic	gene
IL10RB	transcriptomic	gene
EMD	transcriptomic	gene
NT5C	transcriptomic	gene
COASY	transcriptomic	gene
PSMB3	transcriptomic	gene
TBL3	transcriptomic	gene
LYPD1	transcriptomic	gene
GATA3	transcriptomic	gene
IGKC	transcriptomic	gene
DDR1	transcriptomic	gene
FOXO4	transcriptomic	gene
MLST8	transcriptomic	gene
PSPN	transcriptomic	gene
ZC3H4	transcriptomic	gene
HLA-DRB1	transcriptomic	gene
GSDMD	transcriptomic	gene
AMOT	transcriptomic	gene
RNF5	transcriptomic	gene
EFEMP2	transcriptomic	gene
POFUT1	transcriptomic	gene
SF3A2	transcriptomic	gene
SLC43A2	transcriptomic	gene
PPP1R13L	transcriptomic	gene
SAE1	transcriptomic	gene
KCNH6	transcriptomic	gene
ID3	transcriptomic	gene
HNF1A	transcriptomic	gene
ENAH	transcriptomic	gene
NMRAL1	transcriptomic	gene
TMEM186	transcriptomic	gene
MON1B	transcriptomic	gene
IGFBP2	transcriptomic	gene
HOXB2	transcriptomic	gene
NTHL1	transcriptomic	gene
TICAM1	transcriptomic	gene
CHPF	transcriptomic	gene
GPR143	transcriptomic	gene
POU3F3	transcriptomic	gene
PSMB8	transcriptomic	gene
IGKV1-5	transcriptomic	gene
ARHGAP31	transcriptomic	gene
G6PC1	transcriptomic	gene
XPNPEP2	transcriptomic	gene
IGHV3-48	transcriptomic	gene
CSNK1E	transcriptomic	gene
H3C15	transcriptomic	gene
SLC7A9	transcriptomic	gene
PHF2	transcriptomic	gene
MYBBP1A	transcriptomic	gene
IGLC1	transcriptomic	gene
PEX16	transcriptomic	gene
HEBP1	transcriptomic	gene
RHOD	transcriptomic	gene
IFITM3	transcriptomic	gene
CHPF2	transcriptomic	gene
TUBB	transcriptomic	gene
BAK1	transcriptomic	gene
GAA	transcriptomic	gene
IGHV1-69	transcriptomic	gene
IGHG2	transcriptomic	gene
ZFHX3	transcriptomic	gene
FBXW4	transcriptomic	gene
IGLV6-57	transcriptomic	gene
ASB6	transcriptomic	gene
GATA5	transcriptomic	gene
SLC5A12	transcriptomic	gene
SOX17	transcriptomic	gene
IGHG4	transcriptomic	gene
SKI	transcriptomic	gene
PRICKLE1	transcriptomic	gene
NR2C2AP	transcriptomic	gene
LRFN3	transcriptomic	gene
CYP2B6	transcriptomic	gene
DEDD2	transcriptomic	gene
SLC36A2	transcriptomic	gene
BCAT2	transcriptomic	gene
IGLV3-25	transcriptomic	gene
DTYMK	transcriptomic	gene
CD320	transcriptomic	gene
IGFBP5	transcriptomic	gene
CIAO2B	transcriptomic	gene
MXRA8	transcriptomic	gene
IGKV2-29	transcriptomic	gene
GCNT3	transcriptomic	gene
ZNF317	transcriptomic	gene
SPSB2	transcriptomic	gene
TLR1	transcriptomic	gene
HMOX1	transcriptomic	gene
RNASEL	transcriptomic	gene
HLA-A	transcriptomic	gene
SLC6A19	transcriptomic	gene
FLRT3	transcriptomic	gene
DYNC2I2	transcriptomic	gene
HOGA1	transcriptomic	gene
POMGNT2	transcriptomic	gene
RBP1	transcriptomic	gene
EEF2KMT	transcriptomic	gene
NEURL2	transcriptomic	gene
IFIT2	transcriptomic	gene
IGHG1	transcriptomic	gene
MPST	transcriptomic	gene
KLC2	transcriptomic	gene
VAT1	transcriptomic	gene
TIMM13	transcriptomic	gene
PIEZO1	transcriptomic	gene
PSMG3	transcriptomic	gene
MRPL43	transcriptomic	gene
ZWINT	transcriptomic	gene
ASPSCR1	transcriptomic	gene
SLC25A1	transcriptomic	gene
CUL7	transcriptomic	gene
SHISA5	transcriptomic	gene
MAPK11	transcriptomic	gene
RRP9	transcriptomic	gene
PSENEN	transcriptomic	gene
IL17RA	transcriptomic	gene
FLOT2	transcriptomic	gene
S100A1	transcriptomic	gene
PDLIM7	transcriptomic	gene
ASB15	transcriptomic	gene
UQCC3	transcriptomic	gene
SARS2	transcriptomic	gene
RNASE1	transcriptomic	gene
VPS28	transcriptomic	gene
HLA-DMA	transcriptomic	gene
SERPING1	transcriptomic	gene
CYTH4	transcriptomic	gene
MAP3K11	transcriptomic	gene
CDC34	transcriptomic	gene
FBXL12	transcriptomic	gene
ARHGEF10L	transcriptomic	gene
TTLL1	transcriptomic	gene
ST14	transcriptomic	gene
PSMB9	transcriptomic	gene
HSD17B10	transcriptomic	gene
ASGR1	transcriptomic	gene
CSK	transcriptomic	gene
PPCDC	transcriptomic	gene
TIMM44	transcriptomic	gene
MPG	transcriptomic	gene
IFI30	transcriptomic	gene
ZNF2	transcriptomic	gene
TMSB4X	transcriptomic	gene
SLC12A3	transcriptomic	gene
ORAI2	transcriptomic	gene
SLC15A3	transcriptomic	gene
TNFRSF11B	transcriptomic	gene
URM1	transcriptomic	gene
YEATS2	transcriptomic	gene
NMB	transcriptomic	gene
MYO9B	transcriptomic	gene
VHL	transcriptomic	gene
ITGB4	transcriptomic	gene
DENND1C	transcriptomic	gene
RFC2	transcriptomic	gene
NAPRT	transcriptomic	gene
EFNB1	transcriptomic	gene
KCNQ3	transcriptomic	gene
PPP1R3C	transcriptomic	gene
HOXA6	transcriptomic	gene
AGRN	transcriptomic	gene
SLC22A8	transcriptomic	gene
VTRNA2-1	transcriptomic	gene
TACR1	transcriptomic	gene
PYGO2	transcriptomic	gene
JOSD2	transcriptomic	gene
RAB29	transcriptomic	gene
QSOX1	transcriptomic	gene
NUBP2	transcriptomic	gene
MOCS3	transcriptomic	gene
RAB43	transcriptomic	gene
BMP2	transcriptomic	gene
NAGLU	transcriptomic	gene
ISYNA1	transcriptomic	gene
FSCN1	transcriptomic	gene
MYL9	transcriptomic	gene
MIOX	transcriptomic	gene
TRMT1	transcriptomic	gene
PAFAH1B3	transcriptomic	gene
RAB26	transcriptomic	gene
CD40	transcriptomic	gene
PCSK7	transcriptomic	gene
NFKB2	transcriptomic	gene
EGF	transcriptomic	gene
RASAL3	transcriptomic	gene
NOP2	transcriptomic	gene
KCTD7	transcriptomic	gene
YJU2	transcriptomic	gene
GYPC	transcriptomic	gene
CYGB	transcriptomic	gene
NFKBIB	transcriptomic	gene
CHMP6	transcriptomic	gene
S100A11	transcriptomic	gene
ZNF180	transcriptomic	gene
KIF22	transcriptomic	gene
MAP1LC3A	transcriptomic	gene
PGM2L1	transcriptomic	gene
ORAI1	transcriptomic	gene
DUS2	transcriptomic	gene
SLC27A4	transcriptomic	gene
AP1S1	transcriptomic	gene
CLDN4	transcriptomic	gene
H1-4	transcriptomic	gene
AIFM2	transcriptomic	gene
HMGA1	transcriptomic	gene
EXOSC5	transcriptomic	gene
IFI35	transcriptomic	gene
VEGFC	transcriptomic	gene
EIF4EBP1	transcriptomic	gene
SLC52A2	transcriptomic	gene
GEMIN7	transcriptomic	gene
GSTA2	transcriptomic	gene
CBX6	transcriptomic	gene
ITPA	transcriptomic	gene
ID1	transcriptomic	gene
TWF2	transcriptomic	gene
MT1A	transcriptomic	gene
PRSS8	transcriptomic	gene
MARCKS	transcriptomic	gene
TIMP2	transcriptomic	gene
SLC39A4	transcriptomic	gene
KRT7	transcriptomic	gene
TRPM4	transcriptomic	gene
POLR2E	transcriptomic	gene
FGF11	transcriptomic	gene
NR2F6	transcriptomic	gene
ZMAT5	transcriptomic	gene
GFER	transcriptomic	gene
FRAT2	transcriptomic	gene
CHDH	transcriptomic	gene
SDSL	transcriptomic	gene
ENTPD2	transcriptomic	gene
DRAP1	transcriptomic	gene
BST2	transcriptomic	gene
C5AR2	transcriptomic	gene
PCOLCE	transcriptomic	gene
SSNA1	transcriptomic	gene
ZNF610	transcriptomic	gene
CLEC3B	transcriptomic	gene
CENPM	transcriptomic	gene
TRIM21	transcriptomic	gene
ARPC1B	transcriptomic	gene
KLK1	transcriptomic	gene
CNN2	transcriptomic	gene
SOD3	transcriptomic	gene
TK1	transcriptomic	gene
MRGBP	transcriptomic	gene
LOXL1	transcriptomic	gene
PPP1R14A	transcriptomic	gene
ZNF587	transcriptomic	gene
RASA4	transcriptomic	gene
DTX3L	transcriptomic	gene
UBE2C	transcriptomic	gene
ADAMTS5	transcriptomic	gene
EGR1	transcriptomic	gene
ECT2	transcriptomic	gene
HAVCR2	transcriptomic	gene
OAS1	transcriptomic	gene
PERP	transcriptomic	gene
ADAMTS15	transcriptomic	gene
MIR21	transcriptomic	gene
ADRB2	transcriptomic	gene
TGFB1	transcriptomic	gene
REN	transcriptomic	gene
THOC6	transcriptomic	gene
HLA-DOA	transcriptomic	gene
IFI6	transcriptomic	gene
ZNF552	transcriptomic	gene
COL4A1	transcriptomic	gene
B9D2	transcriptomic	gene
DNASE2	transcriptomic	gene
LYN	transcriptomic	gene
ARHGEF5	transcriptomic	gene
BHLHE41	transcriptomic	gene
IGFBP6	transcriptomic	gene
TNFSF15	transcriptomic	gene
MUC1	transcriptomic	gene
RAB3D	transcriptomic	gene
SLC29A2	transcriptomic	gene
PRELP	transcriptomic	gene
SYT11	transcriptomic	gene
H2BC12	transcriptomic	gene
ADGRE5	transcriptomic	gene
EHD2	transcriptomic	gene
APLNR	transcriptomic	gene
PTGER1	transcriptomic	gene
CD248	transcriptomic	gene
ZFAND5	transcriptomic	gene
LRPAP1	transcriptomic	gene
CD276	transcriptomic	gene
SEMA3F	transcriptomic	gene
CCL14	transcriptomic	gene
CSRNP1	transcriptomic	gene
IFRD1	transcriptomic	gene
GPR3	transcriptomic	gene
TIPARP	transcriptomic	gene
EYA2-AS1	transcriptomic	gene
SNORA31	transcriptomic	gene
SLC25A25	transcriptomic	gene
RETREG1	transcriptomic	gene
IFIT1B	transcriptomic	gene
SLC25A33	transcriptomic	gene
IPW	transcriptomic	gene
DNAH6	transcriptomic	gene
SMTNL2	transcriptomic	gene
MIR550B1	transcriptomic	gene
RGPD8	transcriptomic	gene
LINC01028	transcriptomic	gene
RGPD6	transcriptomic	gene
AMY1B	transcriptomic	gene
IVNS1ABP	transcriptomic	gene
FAM110C	transcriptomic	gene
RORA-AS1	transcriptomic	gene
ACTG1P25	transcriptomic	gene
LINC00571	transcriptomic	gene
SCML1	transcriptomic	gene
SIK2	transcriptomic	gene
RBMS3-AS3	transcriptomic	gene
SMIM32	transcriptomic	gene
LIPE-AS1	transcriptomic	gene
MIR222	transcriptomic	gene
YBX3	transcriptomic	gene
PLEKHJ1	transcriptomic	gene
ZNF362	transcriptomic	gene
LOC105375469	transcriptomic	gene
CHORDC1	transcriptomic	gene
SNORD59B	transcriptomic	gene
PDE4DIP	transcriptomic	gene
NEDD9	transcriptomic	gene
LRRFIP2	transcriptomic	gene
ACTMAP	transcriptomic	gene
GLMP	transcriptomic	gene
PDE4DIPP2	transcriptomic	gene
ZBTB10	transcriptomic	gene
MAB21L4	transcriptomic	gene
LHFPL3-AS2	transcriptomic	gene
PEX11G	transcriptomic	gene
ABCA9-AS1	transcriptomic	gene
MIR29B2CHG	transcriptomic	gene
ZSCAN2	transcriptomic	gene
TMEM101	transcriptomic	gene
ZBTB20-AS5	transcriptomic	gene
ZBTB21	transcriptomic	gene
USP53	transcriptomic	gene
ZGPAT	transcriptomic	gene
LINC-PINT	transcriptomic	gene
LINC01473	transcriptomic	gene
MIR4659B	transcriptomic	gene
LOC105376105	transcriptomic	gene
LINC01266	transcriptomic	gene
CCDC144A	transcriptomic	gene
RNF32-AS1	transcriptomic	gene
HSD17B1-AS1	transcriptomic	gene
C10ORF95-AS1	transcriptomic	gene
TMEM82	transcriptomic	gene
LOC102724587	transcriptomic	gene
BLTP1	transcriptomic	gene
DIAPH1-AS1	transcriptomic	gene
LPP-AS1	transcriptomic	gene
LOC105370844	transcriptomic	gene
LOC100129617	transcriptomic	gene
LINC01816	transcriptomic	gene
SLC17A4	transcriptomic	gene
ALKBH7	transcriptomic	gene
GLIS1	transcriptomic	gene
TMEM14EP	transcriptomic	gene
LINC01625	transcriptomic	gene
CFAP90	transcriptomic	gene
NUDT16-DT	transcriptomic	gene
ISOC2	transcriptomic	gene
MIR196B	transcriptomic	gene
SNORA6	transcriptomic	gene
SELENOO	transcriptomic	gene
ZYG11A	transcriptomic	gene
TENM1	transcriptomic	gene
LIMS4	transcriptomic	gene
FRAS1	transcriptomic	gene
HULC	transcriptomic	gene
DEPDC7	transcriptomic	gene
CLK1	transcriptomic	gene
BOK	transcriptomic	gene
LIME1	transcriptomic	gene
CISD3	transcriptomic	gene
LINC02603	transcriptomic	gene
LOC105375157	transcriptomic	gene
ZDHHC6	transcriptomic	gene
CCSER1	transcriptomic	gene
MON2	transcriptomic	gene
PSORS1C3	transcriptomic	gene
ELOF1	transcriptomic	gene
RP1	transcriptomic	gene
GTPBP6	transcriptomic	gene
LOC101928525	transcriptomic	gene
MYDGF	transcriptomic	gene
CMYA5	transcriptomic	gene
LINC02529	transcriptomic	gene
KCNQ1OT1	transcriptomic	gene
SLC25A25-AS1	transcriptomic	gene
PRKCE-AS1	transcriptomic	gene
SCAPER	transcriptomic	gene
SNORD138	transcriptomic	gene
LRBA	transcriptomic	gene
DUS1L	transcriptomic	gene
MFSD12	transcriptomic	gene
GATD3	transcriptomic	gene
SLC38A11	transcriptomic	gene
LOC105369405	transcriptomic	gene
TSC22D2	transcriptomic	gene
DNAH11	transcriptomic	gene
MYCBP2	transcriptomic	gene
CENPX	transcriptomic	gene
F3	transcriptomic	gene
MPEG1	transcriptomic	gene
RGPD2	transcriptomic	gene
LSMEM1	transcriptomic	gene
RASA4CP	transcriptomic	gene
PCSK1N	transcriptomic	gene
USP15	transcriptomic	gene
FBXO38	transcriptomic	gene
MIR4525	transcriptomic	gene
NCCRP1	transcriptomic	gene
LLGL2	transcriptomic	gene
SULT1C5P	transcriptomic	gene
SNORD114-19	transcriptomic	gene
CD37	transcriptomic	gene
PNPLA1	transcriptomic	gene
RGPD1	transcriptomic	gene
SMG1P2	transcriptomic	gene
GRTP1	transcriptomic	gene
SETBP1	transcriptomic	gene
TACC1	transcriptomic	gene
SHBG	transcriptomic	gene
UBALD1	transcriptomic	gene
MIR509-3	transcriptomic	gene
CCDC144CP	transcriptomic	gene
TMEM161B	transcriptomic	gene
BTAF1	transcriptomic	gene
BCLAF1	transcriptomic	gene
SLF1	transcriptomic	gene
ZBED3-AS1	transcriptomic	gene
SNORD30	transcriptomic	gene
MDN1	transcriptomic	gene
URB1-AS1	transcriptomic	gene
MIR221	transcriptomic	gene
RPP25L	transcriptomic	gene
MCCD1	transcriptomic	gene
LRRN4	transcriptomic	gene
SNORA19	transcriptomic	gene
ZNF581	transcriptomic	gene
KLHDC1	transcriptomic	gene
UBR5	transcriptomic	gene
RABAC1	transcriptomic	gene
MARVELD3	transcriptomic	gene
SLC38A4-AS1	transcriptomic	gene
LINC00671	transcriptomic	gene
SND1-IT1	transcriptomic	gene
PHF14	transcriptomic	gene
LINC01409	transcriptomic	gene
CRYBB3	transcriptomic	gene
SNORD126	transcriptomic	gene
CRIP1	transcriptomic	gene
DIXDC1	transcriptomic	gene
TPT1	transcriptomic	gene
CARHSP1	transcriptomic	gene
LINC02447	transcriptomic	gene
UBR3	transcriptomic	gene
SMG1P5	transcriptomic	gene
MIR1270	transcriptomic	gene
RABGAP1L	transcriptomic	gene
BCAR3-AS1	transcriptomic	gene
KLF6	transcriptomic	gene
ASPDH	transcriptomic	gene
LINC01539	transcriptomic	gene
VPS13B	transcriptomic	gene
LINC00513	transcriptomic	gene
ZNRF2P1	transcriptomic	gene
REEP6	transcriptomic	gene
MAGI1	transcriptomic	gene
SAT2	transcriptomic	gene
LINC01450	transcriptomic	gene
SNORA3B	transcriptomic	gene
C1QTNF7-AS1	transcriptomic	gene
SNORD50B	transcriptomic	gene
PRAP1	transcriptomic	gene
ANKRD20A3P	transcriptomic	gene
SNORA25	transcriptomic	gene
FXYD5	transcriptomic	gene
PRP4K	transcriptomic	gene
TFCP2L1	transcriptomic	gene
LOC105374528	transcriptomic	gene
DNAH7	transcriptomic	gene
DOP1A	transcriptomic	gene
GLTPD2	transcriptomic	gene
LOC101928389	transcriptomic	gene
SPACA1	transcriptomic	gene
FTH1P3	transcriptomic	gene
LRP1B	transcriptomic	gene
FAM168B	transcriptomic	gene
HBA2	transcriptomic	gene
MIR1231	transcriptomic	gene
PRH2	transcriptomic	gene
RFX3-DT	transcriptomic	gene
PP2D1	transcriptomic	gene
MIR3662	transcriptomic	gene
TGFBR3L	transcriptomic	gene
HIVEP2	transcriptomic	gene
KANSL1L-AS1	transcriptomic	gene
APOLD1	transcriptomic	gene
SMLR1	transcriptomic	gene
ZNF181	transcriptomic	gene
SMG1P1	transcriptomic	gene
CLEC18C	transcriptomic	gene
CRADD-AS1	transcriptomic	gene
LINC01507	transcriptomic	gene
CCDC17	transcriptomic	gene
STARD13-AS	transcriptomic	gene
PCCA-AS1	transcriptomic	gene
NT5DC1	transcriptomic	gene
LONRF3	transcriptomic	gene
SON	transcriptomic	gene
LINC01871	transcriptomic	gene
SREK1	transcriptomic	gene
PRPF39	transcriptomic	gene
CMAHP	transcriptomic	gene
LINC00641	transcriptomic	gene
NEMF	transcriptomic	gene
MIR1229	transcriptomic	gene
TUG1	transcriptomic	gene
STRIT1	transcriptomic	gene
LEISA1	transcriptomic	gene
HMGN1	transcriptomic	gene
TEKTIP1	transcriptomic	gene
MOXD1	transcriptomic	gene
EVI2B	transcriptomic	gene
SNORD34	transcriptomic	gene
PKHD1	transcriptomic	gene
TCL6	transcriptomic	gene
CST7	transcriptomic	gene
CCDC18-AS1	transcriptomic	gene
MIR4796	transcriptomic	gene
CTTNBP2	transcriptomic	gene
SLC67A1	transcriptomic	gene
TMIGD1	transcriptomic	gene
SUMO1P3	transcriptomic	gene
CHASERR	transcriptomic	gene
FAM245B	transcriptomic	gene
ZSCAN12P1	transcriptomic	gene
GGTLC2	transcriptomic	gene
PARAIL	transcriptomic	gene
PLP2	transcriptomic	gene
PTPRQ	transcriptomic	gene
MS4A6A	transcriptomic	gene
GPR135	transcriptomic	gene
GZMK	transcriptomic	gene
LOC101929777	transcriptomic	gene
RERG-AS1	transcriptomic	gene
TRPS1	transcriptomic	gene
SNORD116-11	transcriptomic	gene
LNP1	transcriptomic	gene
IQCH	transcriptomic	gene
CCDC148	transcriptomic	gene
MIR99B	transcriptomic	gene
HELZ	transcriptomic	gene
SNORD116-29	transcriptomic	gene
ANKRD20A2P	transcriptomic	gene
LINC02260	transcriptomic	gene
AGA-DT	transcriptomic	gene
LINC01355	transcriptomic	gene
SCARNA9	transcriptomic	gene
RPGR	transcriptomic	gene
NUS1P3	transcriptomic	gene
MYO1B	transcriptomic	gene
TTC9	transcriptomic	gene
SOCS2-AS1	transcriptomic	gene
MAGI1-AS1	transcriptomic	gene
ZSWIM6	transcriptomic	gene
GPC6-AS1	transcriptomic	gene
CREBZF	transcriptomic	gene
EBLN2	transcriptomic	gene
SPIN1	transcriptomic	gene
RASSF3	transcriptomic	gene
ACOT6	transcriptomic	gene
MIR3674	transcriptomic	gene
MIR4270	transcriptomic	gene
PAXBP1	transcriptomic	gene
PWAR6	transcriptomic	gene
CCN2	transcriptomic	gene
EMP3	transcriptomic	gene
ARHGEF38-IT1	transcriptomic	gene
RREB1	transcriptomic	gene
SNORD105B	transcriptomic	gene
SNORD114-27	transcriptomic	gene
SPATA6	transcriptomic	gene
FAM107B	transcriptomic	gene
LOC105372132	transcriptomic	gene
N4BP2L2	transcriptomic	gene
SLC8A1-AS1	transcriptomic	gene
LINC01055	transcriptomic	gene
SHOC1	transcriptomic	gene
SEMA3B-AS1	transcriptomic	gene
DOCK8-AS1	transcriptomic	gene
MIR218-1	transcriptomic	gene
MIR4451	transcriptomic	gene
LOC105372157	transcriptomic	gene
ADAM1A	transcriptomic	gene
TMEM160	transcriptomic	gene
MAST4-AS1	transcriptomic	gene
ICA1	transcriptomic	gene
H2BC10	transcriptomic	gene
ADAMTS9-AS2	transcriptomic	gene
RSRC2	transcriptomic	gene
GOLT1A	transcriptomic	gene
CLNK	transcriptomic	gene
TTC14	transcriptomic	gene
TMEM245	transcriptomic	gene
RUFY4	transcriptomic	gene
USPL1	transcriptomic	gene
ODR4	transcriptomic	gene
SNORD114-11	transcriptomic	gene
LOC100505736	transcriptomic	gene
MIR558	transcriptomic	gene
MIR570	transcriptomic	gene
PROM1	transcriptomic	gene
FTX	transcriptomic	gene
DHDH	transcriptomic	gene
PDXDC2P-NPIPB14P	transcriptomic	gene
TBRG1	transcriptomic	gene
ZYX	transcriptomic	gene
PCDH9	transcriptomic	gene
LRATD2	transcriptomic	gene
CALML3	transcriptomic	gene
OSGIN2	transcriptomic	gene
PRDM4-AS1	transcriptomic	gene
SOX5-AS1	transcriptomic	gene
RTTN	transcriptomic	gene
LOC101928381	transcriptomic	gene
MIR3622B	transcriptomic	gene
LINC02675	transcriptomic	gene
FAM13A-AS1	transcriptomic	gene
SDK1-AS1	transcriptomic	gene
USP41P	transcriptomic	gene
SNORD116-27	transcriptomic	gene
ATP1A1-AS1	transcriptomic	gene
MS4A7	transcriptomic	gene
GPRIN3	transcriptomic	gene
ZNF57	transcriptomic	gene
LINC00473	transcriptomic	gene
ZBED6	transcriptomic	gene
SNHG14	transcriptomic	gene
RERE-AS1	transcriptomic	gene
TNFAIP2	transcriptomic	gene
CCDC171	transcriptomic	gene
CDHR5	transcriptomic	gene
SPATS1	transcriptomic	gene
VPS13A	transcriptomic	gene
TSGA10	transcriptomic	gene
IL6R-AS1	transcriptomic	gene
SNORA13	transcriptomic	gene
FHL3	transcriptomic	gene
ARRDC4	transcriptomic	gene
TSSK3	transcriptomic	gene
LOC101928105	transcriptomic	gene
SEPTIN7P13	transcriptomic	gene
CHORDC1P4	transcriptomic	gene
USH2A-AS1	transcriptomic	gene
PRR4	transcriptomic	gene
DSP-AS1	transcriptomic	gene
MIR4261	transcriptomic	gene
LLPH-DT	transcriptomic	gene
LOC105371622	transcriptomic	gene
LONRF2	transcriptomic	gene
SNORA70F	transcriptomic	gene
GOLGA2P5	transcriptomic	gene
SNORA64	transcriptomic	gene
NARS2-AS1	transcriptomic	gene
MALAT1	transcriptomic	gene
TPM1-AS	transcriptomic	gene
LOC100506606	transcriptomic	gene
CAPRIN2	transcriptomic	gene
FILIP1L	transcriptomic	gene
LOC497256	transcriptomic	gene
SPATA13-AS1	transcriptomic	gene
PPP1R14D	transcriptomic	gene
GSAP	transcriptomic	gene
RAB28	transcriptomic	gene
CFAP57	transcriptomic	gene
LOC646813	transcriptomic	gene
LINC00645	transcriptomic	gene
NCKAP5-AS2	transcriptomic	gene
MIR510	transcriptomic	gene
MIR181A2	transcriptomic	gene
SMIM2	transcriptomic	gene
PKP4-AS1	transcriptomic	gene
RNF32	transcriptomic	gene
LINC01338	transcriptomic	gene
IGSF6	transcriptomic	gene
L3HYPDH	transcriptomic	gene
TCP11L1	transcriptomic	gene
SNORD116-19	transcriptomic	gene
MIR583	transcriptomic	gene
SDHAP2	transcriptomic	gene
CCDC14	transcriptomic	gene
LINC01099	transcriptomic	gene
ADGRF5-AS1	transcriptomic	gene
ZRANB2	transcriptomic	gene
MYCBP2-AS1	transcriptomic	gene
DOCK4-AS1	transcriptomic	gene
ST7-OT4	transcriptomic	gene
SNORD84	transcriptomic	gene
DNHD1	transcriptomic	gene
LOC105369663	transcriptomic	gene
CEMIP2	transcriptomic	gene
SNORD70	transcriptomic	gene
ARL15	transcriptomic	gene
LOC100131257	transcriptomic	gene
USP38	transcriptomic	gene
MIR551A	transcriptomic	gene
LINC02275	transcriptomic	gene
LINC01621	transcriptomic	gene
CFAP44	transcriptomic	gene
TAMM41	transcriptomic	gene
FAM199X	transcriptomic	gene
CCDC186	transcriptomic	gene
SSX8P	transcriptomic	gene
LOC100505716	transcriptomic	gene
SH3YL1	transcriptomic	gene
CLMN	transcriptomic	gene
MACC1-AS1	transcriptomic	gene
DMTF1	transcriptomic	gene
SNORD36C	transcriptomic	gene
MICOS10P1	transcriptomic	gene
EML6	transcriptomic	gene
SNHG10	transcriptomic	gene
SHROOM3-AS1	transcriptomic	gene
TFPI2	transcriptomic	gene
GDAP2	transcriptomic	gene
CDH20	transcriptomic	gene
C3ORF52	transcriptomic	gene
RANBP17	transcriptomic	gene
LINC01392	transcriptomic	gene
GAPT	transcriptomic	gene
CPLANE1	transcriptomic	gene
LINC03022	transcriptomic	gene
FRMD3	transcriptomic	gene
HSPB6	transcriptomic	gene
LOC101926944	transcriptomic	gene
LOC148696	transcriptomic	gene
MIR3180-5	transcriptomic	gene
SLC16A12	transcriptomic	gene
GUSBP4	transcriptomic	gene
FSIP2	transcriptomic	gene
ZNF648	transcriptomic	gene
LINC01558	transcriptomic	gene
H3C11	transcriptomic	gene
LARP1B	transcriptomic	gene
SCFD2-AS1	transcriptomic	gene
LINC01040	transcriptomic	gene
MIR2861	transcriptomic	gene
KIAA0232	transcriptomic	gene
LIX1	transcriptomic	gene
BRD3OS	transcriptomic	gene
LOC401191	transcriptomic	gene
NEXN	transcriptomic	gene
CEP95	transcriptomic	gene
SMIM2-IT1	transcriptomic	gene
FOXCUT	transcriptomic	gene
NFE2L3	transcriptomic	gene
LUC7L	transcriptomic	gene
GANC	transcriptomic	gene
LINC00602	transcriptomic	gene
LINC01806	transcriptomic	gene
ARGLU1-DT	transcriptomic	gene
AGBL4-IT1	transcriptomic	gene
LINC03069	transcriptomic	gene
IRGM	transcriptomic	gene
MIR532	transcriptomic	gene
IQUB	transcriptomic	gene
PRKX-AS1	transcriptomic	gene
LOC105370109	transcriptomic	gene
PLAGL2	transcriptomic	gene
SCARNA2	transcriptomic	gene
DEFA1B	transcriptomic	gene
MIR581	transcriptomic	gene
LOC728989	transcriptomic	gene
BAZ2B	transcriptomic	gene
NIPAL4-DT	transcriptomic	gene
ANKRD12	transcriptomic	gene
TM4SF20	transcriptomic	gene
ULK4	transcriptomic	gene
BIRC8	transcriptomic	gene
RMST	transcriptomic	gene
MIR539	transcriptomic	gene
HIVEP1	transcriptomic	gene
TUT7	transcriptomic	gene
LOC101929963	transcriptomic	gene
GGACT	transcriptomic	gene
THAP9-AS1	transcriptomic	gene
KRT222	transcriptomic	gene
SNORA67	transcriptomic	gene
LINC00871	transcriptomic	gene
ZFAT-AS1	transcriptomic	gene
ANKRD36	transcriptomic	gene
CHMP3-AS1	transcriptomic	gene
MIR518B	transcriptomic	gene
KCNRG	transcriptomic	gene
TPRG1-AS2	transcriptomic	gene
APRG1	transcriptomic	gene
LINC00342	transcriptomic	gene
PLAC4	transcriptomic	gene
LINC01004	transcriptomic	gene
CARNMT1-AS1	transcriptomic	gene
SETD5	transcriptomic	gene
FREM1	transcriptomic	gene
PPTC7	transcriptomic	gene
CRYAA	transcriptomic	gene
LUARIS	transcriptomic	gene
ZSCAN16-AS1	transcriptomic	gene
SNORA2A	transcriptomic	gene
TMEM52B	transcriptomic	gene
KLHL6-AS1	transcriptomic	gene
SDCBP2-AS1	transcriptomic	gene
LINC01430	transcriptomic	gene
GUSBP11	transcriptomic	gene
APOBEC3F	transcriptomic	gene
SNORD91A	transcriptomic	gene
DPY19L2	transcriptomic	gene
ADGRB3-DT	transcriptomic	gene
RIOX2	transcriptomic	gene
SLC25A36	transcriptomic	gene
LOC100289230	transcriptomic	gene
CCNL1	transcriptomic	gene
LOC105369714	transcriptomic	gene
THNSL2	transcriptomic	gene
SNORA70C	transcriptomic	gene
GOLPH3L	transcriptomic	gene
FCMR	transcriptomic	gene
LOC102724572	transcriptomic	gene
RGPD3	transcriptomic	gene
ANKRD36C	transcriptomic	gene
SHROOM3	transcriptomic	gene
LINC00621	transcriptomic	gene
LINC00294	transcriptomic	gene
GPRC5D	transcriptomic	gene
TMTC4	transcriptomic	gene
SNAR-G1	transcriptomic	gene
SNORD15B	transcriptomic	gene
CGNL1	transcriptomic	gene
STK33	transcriptomic	gene
PNISR	transcriptomic	gene
PPP2R3A	transcriptomic	gene
LOC105376360	transcriptomic	gene
LRRN3	transcriptomic	gene
MIR210	transcriptomic	gene
DMXL1	transcriptomic	gene
STAC	transcriptomic	gene
PPP4R1	transcriptomic	gene
CSRP2	transcriptomic	gene
PRMT9	transcriptomic	gene
FRY	transcriptomic	gene
CNTN4-AS2	transcriptomic	gene
CRYZL2P	transcriptomic	gene
LINC03009	transcriptomic	gene
HOOK1	transcriptomic	gene
NFIL3	transcriptomic	gene
ZCCHC2	transcriptomic	gene
MIR3160-2	transcriptomic	gene
KIAA1328	transcriptomic	gene
PCID2	transcriptomic	gene
OTX2-AS1	transcriptomic	gene
CLK4	transcriptomic	gene
LOC105377483	transcriptomic	gene
PCAT2	transcriptomic	gene
SNORD114-31	transcriptomic	gene
MIR548AB	transcriptomic	gene
LOC105379484	transcriptomic	gene
PLGLB1	transcriptomic	gene
MIR4435-1	transcriptomic	gene
LINC02715	transcriptomic	gene
LOC102724072	transcriptomic	gene
MIOS-DT	transcriptomic	gene
GZMA	transcriptomic	gene
HERC2P2	transcriptomic	gene
LOC101927845	transcriptomic	gene
COMETT	transcriptomic	gene
GPR199P	transcriptomic	gene
LINC03030	transcriptomic	gene
HMCN1	transcriptomic	gene
LOC101928004	transcriptomic	gene
LINC01712	transcriptomic	gene
LOC101928131	transcriptomic	gene
RD3L	transcriptomic	gene
NPIPB5	transcriptomic	gene
RNF216-IT1	transcriptomic	gene
H4C13	transcriptomic	gene
COBLL1	transcriptomic	gene
LOC105376644	transcriptomic	gene
LRCH1	transcriptomic	gene
MIR3182	transcriptomic	gene
TMEM183A	transcriptomic	gene
LOC102723739	transcriptomic	gene
ZCWPW2	transcriptomic	gene
SEPTIN7P11	transcriptomic	gene
LOC102723763	transcriptomic	gene
LOC105373218	transcriptomic	gene
LOC102725148	transcriptomic	gene
BAZ2B-AS1	transcriptomic	gene
GARIN6	transcriptomic	gene
RUFY3	transcriptomic	gene
DANT2	transcriptomic	gene
HMGN5	transcriptomic	gene
BMS1P1	transcriptomic	gene
RCAN1	transcriptomic	gene
NFYC-AS1	transcriptomic	gene
ZBTB47-AS1	transcriptomic	gene
HS1BP3-IT1	transcriptomic	gene
CPEB2	transcriptomic	gene
ARGLU1	transcriptomic	gene
TTC39B	transcriptomic	gene
LINC00707	transcriptomic	gene
LOC105375527	transcriptomic	gene
TIGD3	transcriptomic	gene
HIGD1B	transcriptomic	gene
LOC101927082	transcriptomic	gene
MIR548I1	transcriptomic	gene
LINC01093	transcriptomic	gene
CCL4L2	transcriptomic	gene
TPRG1-AS1	transcriptomic	gene
TPSB2	transcriptomic	gene
MIR22HG	transcriptomic	gene
FNBP4	transcriptomic	gene
ZNF407	transcriptomic	gene
RDH10-AS1	transcriptomic	gene
PABPC1L	transcriptomic	gene
CLYBL-AS3	transcriptomic	gene
SCIN	transcriptomic	gene
CSPP1	transcriptomic	gene
SDIM1	transcriptomic	gene
RACGAP1P1	transcriptomic	gene
BRD7P3	transcriptomic	gene
ZC3H6	transcriptomic	gene
LRRC2	transcriptomic	gene
ZNF165	transcriptomic	gene
LOC100134040	transcriptomic	gene
ZNF83	transcriptomic	gene
H2AC17	transcriptomic	gene
C9ORF72	transcriptomic	gene
TMCO1-AS1	transcriptomic	gene
TM4SF5	transcriptomic	gene
RPL21P44	transcriptomic	gene
PSMD6-AS2	transcriptomic	gene
TILAM	transcriptomic	gene
PRICKLE2-AS3	transcriptomic	gene
PMP2	transcriptomic	gene
MIR1185-2	transcriptomic	gene
LOC100505985	transcriptomic	gene
LOC643406	transcriptomic	gene
LINC02589	transcriptomic	gene
HSP90AB2P	transcriptomic	gene
MIR500B	transcriptomic	gene
MIR494	transcriptomic	gene
FLACC1	transcriptomic	gene
IL17B	transcriptomic	gene
SPATA18	transcriptomic	gene
RNPEPL1	transcriptomic	gene
EGFLAM	transcriptomic	gene
GCSAM	transcriptomic	gene
SEC14L4	transcriptomic	gene
NKG7	transcriptomic	gene
FAM47E	transcriptomic	gene
KIAA1191	transcriptomic	gene
CYP4X1	transcriptomic	gene
SLC22A23	transcriptomic	gene
LINC01352	transcriptomic	gene
MIR514A2	transcriptomic	gene
OR4F29	transcriptomic	gene
MIR514A1	transcriptomic	gene
MBNL2	transcriptomic	gene
CELF5	transcriptomic	gene
RBM11	transcriptomic	gene
ZDHHC17	transcriptomic	gene
GPR89A	transcriptomic	gene
SNORA5B	transcriptomic	gene
MIR3116-2	transcriptomic	gene
LINC02771	transcriptomic	gene
C19ORF33	transcriptomic	gene
SEPTIN7P2	transcriptomic	gene
PA2G4P4	transcriptomic	gene
PTPRCAP	transcriptomic	gene
THAP3P1	transcriptomic	gene
ALMS1-IT1	transcriptomic	gene
EEF1DP3	transcriptomic	gene
NKTR	transcriptomic	gene
SLC31A2	transcriptomic	gene
PLEKHA8P1	transcriptomic	gene
USP12-AS1	transcriptomic	gene
MIR199A2	transcriptomic	gene
KIAA0825	transcriptomic	gene
FAM47C	transcriptomic	gene
LOC729968	transcriptomic	gene
LOC102724805	transcriptomic	gene
SCGB2A1	transcriptomic	gene
HMGA1P7	transcriptomic	gene
LOC102723392	transcriptomic	gene
MORC4	transcriptomic	gene
LOC105374659	transcriptomic	gene
AKR1C8	transcriptomic	gene
EVA1C	transcriptomic	gene
SPACA6-AS1	transcriptomic	gene
AHI1-DT	transcriptomic	gene
LOC100506405	transcriptomic	gene
GSTCD-AS1	transcriptomic	gene
CFLAR-AS1	transcriptomic	gene
ZNF143-AS1	transcriptomic	gene
GLIS3	transcriptomic	gene
TBC1D8	transcriptomic	gene
FGGY	transcriptomic	gene
RNF138P1	transcriptomic	gene
LINC01606	transcriptomic	gene
ANTXRL	transcriptomic	gene
MACROD2-AS1	transcriptomic	gene
SERPINF1	transcriptomic	gene
FLJ42393	transcriptomic	gene
ARHGAP15-AS1	transcriptomic	gene
RNF167	transcriptomic	gene
RNF148	transcriptomic	gene
DMRTB1	transcriptomic	gene
LRRC70	transcriptomic	gene
DPP6	transcriptomic	gene
LOC102723789	transcriptomic	gene
NFKBIZ	transcriptomic	gene
POSTN	transcriptomic	gene
LOC100128653	transcriptomic	gene
PITRM1-AS1	transcriptomic	gene
SCARNA7	transcriptomic	gene
MFF-DT	transcriptomic	gene
GMDS-DT	transcriptomic	gene
PTPDC1	transcriptomic	gene
MRPL42P5	transcriptomic	gene
CST6	transcriptomic	gene
CFAP70	transcriptomic	gene
SNX30	transcriptomic	gene
RNF225	transcriptomic	gene
LOC105375370	transcriptomic	gene
MTURN	transcriptomic	gene
OR7E37P	transcriptomic	gene
CDRT15P3	transcriptomic	gene
CLIP4	transcriptomic	gene
ZNF891	transcriptomic	gene
RNF26	transcriptomic	gene
MAP3K5-AS1	transcriptomic	gene
BTBD18	transcriptomic	gene
H3C6	transcriptomic	gene
H3C7	transcriptomic	gene
SNX25	transcriptomic	gene
CCDC191	transcriptomic	gene
PEG3	transcriptomic	gene
PTBP2	transcriptomic	gene
ATP2B1-AS1	transcriptomic	gene
HOXA10	transcriptomic	gene
LOC105375267	transcriptomic	gene
LOC101928906	transcriptomic	gene
ENTREP3	transcriptomic	gene
SH3BP5-AS1	transcriptomic	gene
LAPTM5	transcriptomic	gene
LRP2BP	transcriptomic	gene
LOC100507334	transcriptomic	gene
SMIM15-AS1	transcriptomic	gene
PRRC2B	transcriptomic	gene
PCDHB7	transcriptomic	gene
MIR4672	transcriptomic	gene
MAZ	transcriptomic	gene
ANAPC1P2	transcriptomic	gene
NEAT1	transcriptomic	gene
MIR425	transcriptomic	gene
DNAJB5	transcriptomic	gene
CHN2-AS1	transcriptomic	gene
ALKAL2	transcriptomic	gene
TCF25	transcriptomic	gene
TMEM170A	transcriptomic	gene
AKIRIN2	transcriptomic	gene
SLED1	transcriptomic	gene
CYTOR	transcriptomic	gene
PPARGC1A-AS1	transcriptomic	gene
RHEX	transcriptomic	gene
ROMO1	transcriptomic	gene
CT45A1	transcriptomic	gene
ESM1	transcriptomic	gene
PRRC2A	transcriptomic	gene
SDF2L1	transcriptomic	gene
EVA1A-AS	transcriptomic	gene
DNAH5	transcriptomic	gene
C1ORF56	transcriptomic	gene
DBNDD2	transcriptomic	gene
FRZB	transcriptomic	gene
AHSA2P	transcriptomic	gene
PWAR1	transcriptomic	gene
C8ORF88	transcriptomic	gene
LOC101929633	transcriptomic	gene
ERVK13-1	transcriptomic	gene
SMG1P3	transcriptomic	gene
GPR34	transcriptomic	gene
SNORA71B	transcriptomic	gene
EMC10	transcriptomic	gene
OGFRL1	transcriptomic	gene
FNDC9	transcriptomic	gene
SNORA5A	transcriptomic	gene
CYP4Z1	transcriptomic	gene
RN7SK	transcriptomic	gene
MFSD5	transcriptomic	gene
ZC3H7B	transcriptomic	gene
CTDSP1	transcriptomic	gene
C15ORF39	transcriptomic	gene
LINC00853	transcriptomic	gene
LINC01554	transcriptomic	gene
ZNF592	transcriptomic	gene
ANKRD10	transcriptomic	gene
GRAMD1B	transcriptomic	gene
MIR4521	transcriptomic	gene
TIGD5	transcriptomic	gene
CASTOR2	transcriptomic	gene
DDAH2	transcriptomic	gene
CAMTA2	transcriptomic	gene
UBL7	transcriptomic	gene
GADD45B	transcriptomic	gene
SNORD57	transcriptomic	gene
TMEM265	transcriptomic	gene
MINDY1	transcriptomic	gene
CD2BP2	transcriptomic	gene
SLC16A12-AS1	transcriptomic	gene
TSPAN4	transcriptomic	gene
AP3D1	transcriptomic	gene
PTOV1	transcriptomic	gene
PTRHD1	transcriptomic	gene
ANKRD36B	transcriptomic	gene
MYOF	transcriptomic	gene
SNORA4	transcriptomic	gene
RETREG3	transcriptomic	gene
HCFC1R1	transcriptomic	gene
LINC01788	transcriptomic	gene
SNORD2	transcriptomic	gene
SWSAP1	transcriptomic	gene
TMEM69	transcriptomic	gene
REXO4	transcriptomic	gene
ZBTB20-AS1	transcriptomic	gene
LOC105377862	transcriptomic	gene
VTRNA1-1	transcriptomic	gene
SNORD28	transcriptomic	gene
MYG1	transcriptomic	gene
GOLGA8B	transcriptomic	gene
SLC35C2	transcriptomic	gene
RBM5-AS1	transcriptomic	gene
H2AX	transcriptomic	gene
RFXANK	transcriptomic	gene
CCN1	transcriptomic	gene
DBR1	transcriptomic	gene
SH3BGRL3	transcriptomic	gene
SEPTIN1	transcriptomic	gene
SNORA18	transcriptomic	gene
NCOA5	transcriptomic	gene
MAP1S	transcriptomic	gene
PPDPF	transcriptomic	gene
DYRK1B	transcriptomic	gene
YIPF2	transcriptomic	gene
C2ORF42	transcriptomic	gene
LINC02987	transcriptomic	gene
PDF	transcriptomic	gene
DNAAF5	transcriptomic	gene
PATZ1	transcriptomic	gene
FOXP4	transcriptomic	gene
C19ORF53	transcriptomic	gene
VPS72	transcriptomic	gene
SNORD26	transcriptomic	gene
LOC105373547	transcriptomic	gene
LOC101060445	transcriptomic	gene
PLXNB2	transcriptomic	gene
GUSBP3	transcriptomic	gene
PLEKHH2	transcriptomic	gene
HOXA7	transcriptomic	gene
SNORD45C	transcriptomic	gene
UBTD2	transcriptomic	gene
LINC01239	transcriptomic	gene
SNORD1C	transcriptomic	gene
H1-10	transcriptomic	gene
FIBP	transcriptomic	gene
YPEL3	transcriptomic	gene
NCOA7-AS1	transcriptomic	gene
ZDHHC12	transcriptomic	gene
THAP1	transcriptomic	gene
METTL26	transcriptomic	gene
BACE1-AS	transcriptomic	gene
HSPA2-AS1	transcriptomic	gene
KIAA2013	transcriptomic	gene
HRCT1	transcriptomic	gene
RNF187	transcriptomic	gene
SNORD3B-1	transcriptomic	gene
CLIC1	transcriptomic	gene
MIR29C	transcriptomic	gene
SAMD4B	transcriptomic	gene
PRADC1	transcriptomic	gene
SMIM10L1	transcriptomic	gene
TESC	transcriptomic	gene
NHSL1	transcriptomic	gene
EPCAM-DT	transcriptomic	gene
MEPCE	transcriptomic	gene
SELENOW	transcriptomic	gene
MIR433	transcriptomic	gene
PAPPA-AS1	transcriptomic	gene
TTN-AS1	transcriptomic	gene
SNORD89	transcriptomic	gene
PLGLA	transcriptomic	gene
SNORA48	transcriptomic	gene
ANXA11	transcriptomic	gene
GUSBP17	transcriptomic	gene
ANKS4B	transcriptomic	gene
C12ORF57	transcriptomic	gene
TNRC18	transcriptomic	gene
SNORA53	transcriptomic	gene
EMC6	transcriptomic	gene
PGAP2	transcriptomic	gene
LINC01187	transcriptomic	gene
H4C15	transcriptomic	gene
FAM239B	transcriptomic	gene
LINC01320	transcriptomic	gene
BRD3	transcriptomic	gene
ZBTB4	transcriptomic	gene
ATRNL1	transcriptomic	gene
CMTM7	transcriptomic	gene
TMEM259	transcriptomic	gene
CSTPP1	transcriptomic	gene
MYPOP	transcriptomic	gene
ZMAT1	transcriptomic	gene
ZNF281	transcriptomic	gene
SIL1	transcriptomic	gene
TMEM203	transcriptomic	gene
GLIS2	transcriptomic	gene
DNAJC14	transcriptomic	gene
FAM117A	transcriptomic	gene
VTRNA1-3	transcriptomic	gene
SMIM29	transcriptomic	gene
TMEM222	transcriptomic	gene
SNORD3C	transcriptomic	gene
GUCY1B1	transcriptomic	gene
SNORA81	transcriptomic	gene
ANTKMT	transcriptomic	gene
TMEM242	transcriptomic	gene
GOLGA8A	transcriptomic	gene
CCDC124	transcriptomic	gene
SNORA28	transcriptomic	gene
OGFOD3	transcriptomic	gene
HDGFL2	transcriptomic	gene
PHPT1	transcriptomic	gene
SMIM34	transcriptomic	gene
SNORD97	transcriptomic	gene
ARPIN	transcriptomic	gene
NUGGC	transcriptomic	gene
SNORA24	transcriptomic	gene
MRO	transcriptomic	gene
KANK3	transcriptomic	gene
TMEM80	transcriptomic	gene
TMEM250	transcriptomic	gene
PCNX3	transcriptomic	gene
NINJ1	transcriptomic	gene
ANKRD52	transcriptomic	gene
SORCS1	transcriptomic	gene
TUSC2	transcriptomic	gene
LINC00472	transcriptomic	gene
AQP7P3	transcriptomic	gene
METTL13	transcriptomic	gene
SLC35E1	transcriptomic	gene
ZMIZ2	transcriptomic	gene
LINC01943	transcriptomic	gene
GNPTG	transcriptomic	gene
SALL2	transcriptomic	gene
SNORD46	transcriptomic	gene
MLXIP	transcriptomic	gene
METRN	transcriptomic	gene
PRR12	transcriptomic	gene
SNORD76	transcriptomic	gene
PPP1R12C	transcriptomic	gene
CLN6	transcriptomic	gene
UNK	transcriptomic	gene
PAQR5-DT	transcriptomic	gene
FCGRT	transcriptomic	gene
PINLYP	transcriptomic	gene
NUDT16L1	transcriptomic	gene
SNORD87	transcriptomic	gene
SYNGR2	transcriptomic	gene
WDR54	transcriptomic	gene
SPNS1	transcriptomic	gene
CNNM3	transcriptomic	gene
SEPTIN8	transcriptomic	gene
VASN	transcriptomic	gene
HOXB7	transcriptomic	gene
ANKRD19P	transcriptomic	gene
SLC25A39	transcriptomic	gene
SNORD5	transcriptomic	gene
LINC01719	transcriptomic	gene
UBQLN1-AS1	transcriptomic	gene
SNORD110	transcriptomic	gene
GATD1	transcriptomic	gene
CYB561D2	transcriptomic	gene
KXD1	transcriptomic	gene
TMEM35B	transcriptomic	gene
ZMIZ1	transcriptomic	gene
SMCR8	transcriptomic	gene
TMEM207	transcriptomic	gene
NAA10	transcriptomic	gene
TMEM127	transcriptomic	gene
NLGN1-AS1	transcriptomic	gene
ZNF580	transcriptomic	gene
SNORD14E	transcriptomic	gene
CORO7	transcriptomic	gene
INAVA	transcriptomic	gene
VSIG4	transcriptomic	gene
BTBD2	transcriptomic	gene
DNAJC4	transcriptomic	gene
MIR5047	transcriptomic	gene
SNORD67	transcriptomic	gene
HNRNPA0	transcriptomic	gene
TMEM141	transcriptomic	gene
ZCCHC3	transcriptomic	gene
WHR1	transcriptomic	gene
DEF8	transcriptomic	gene
FAM83H	transcriptomic	gene
SNORD47	transcriptomic	gene
ZNF414	transcriptomic	gene
ATP5IF1	transcriptomic	gene
SNORD82	transcriptomic	gene
HSPBP1	transcriptomic	gene
OAF	transcriptomic	gene
HEXIM2	transcriptomic	gene
AP5Z1	transcriptomic	gene
JMJD8	transcriptomic	gene
CUEDC2	transcriptomic	gene
MBLAC1	transcriptomic	gene
SPRYD3	transcriptomic	gene
RTL8C	transcriptomic	gene
HOXD9	transcriptomic	gene
LINC00957	transcriptomic	gene
TMEM161A	transcriptomic	gene
LINC01864	transcriptomic	gene
ZNF579	transcriptomic	gene
LRRC75B	transcriptomic	gene
LOC100129034	transcriptomic	gene
PLSCR3	transcriptomic	gene
CUEDC1	transcriptomic	gene
PLEKHO1	transcriptomic	gene
SDHAP4	transcriptomic	gene
SNORD13	transcriptomic	gene
CENPBD1P	transcriptomic	gene
FIZ1	transcriptomic	gene
IFI27L1	transcriptomic	gene
LZTS2	transcriptomic	gene
SNORA32	transcriptomic	gene
RASL11A	transcriptomic	gene
LIMD2	transcriptomic	gene
GRWD1	transcriptomic	gene
SPACA9	transcriptomic	gene
ERRFI1	transcriptomic	gene
C19ORF25	transcriptomic	gene
MARCHF2	transcriptomic	gene
ZNF768	transcriptomic	gene
MPLKIP	transcriptomic	gene
HCG11	transcriptomic	gene
MIR4677	transcriptomic	gene
C22ORF39	transcriptomic	gene
TMEM169	transcriptomic	gene
P4HTM	transcriptomic	gene
TOMM40L	transcriptomic	gene
SPRING1	transcriptomic	gene
BORCS6	transcriptomic	gene
DDX54	transcriptomic	gene
PRAF2	transcriptomic	gene
NHERF2	transcriptomic	gene
SNORD21	transcriptomic	gene
ZFPL1	transcriptomic	gene
ILVBL	transcriptomic	gene
YIF1B	transcriptomic	gene
SNORA23	transcriptomic	gene
SIPA1L3	transcriptomic	gene
ELMO3	transcriptomic	gene
CRELD1	transcriptomic	gene
PRKAG2-AS2	transcriptomic	gene
CDKN2AIPNL	transcriptomic	gene
PIERCE1	transcriptomic	gene
SNHG18	transcriptomic	gene
BEX1	transcriptomic	gene
PGAP6	transcriptomic	gene
PITPNA-AS1	transcriptomic	gene
PPP1R9B	transcriptomic	gene
TMEM53	transcriptomic	gene
SKIDA1	transcriptomic	gene
FKBP10	transcriptomic	gene
LRRN4CL	transcriptomic	gene
SNORA68	transcriptomic	gene
KIAA1671	transcriptomic	gene
PCBD2	transcriptomic	gene
TSPAN9	transcriptomic	gene
TMEM183BP	transcriptomic	gene
CDK2AP2	transcriptomic	gene
CIRBP	transcriptomic	gene
SNORD116-21	transcriptomic	gene
MOSPD3	transcriptomic	gene
LRRN2	transcriptomic	gene
URAHP	transcriptomic	gene
REX1BD	transcriptomic	gene
TMEM109	transcriptomic	gene
CNPPD1	transcriptomic	gene
CCDC144BP	transcriptomic	gene
ZDHHC24	transcriptomic	gene
CENPB	transcriptomic	gene
GLYCTK-AS1	transcriptomic	gene
ZNF174	transcriptomic	gene
SCARNA3	transcriptomic	gene
SIVA1	transcriptomic	gene
CYP4A22-AS1	transcriptomic	gene
WDR83OS	transcriptomic	gene
GRAMD1A	transcriptomic	gene
SNORD116-14	transcriptomic	gene
ZDHHC1	transcriptomic	gene
SNORA14A	transcriptomic	gene
TMEM140	transcriptomic	gene
HOXA-AS2	transcriptomic	gene
RASD1	transcriptomic	gene
SNORD116-28	transcriptomic	gene
LINC00845	transcriptomic	gene
CFAP157	transcriptomic	gene
RNH1	transcriptomic	gene
CLUH	transcriptomic	gene
SLX9	transcriptomic	gene
SNORA60	transcriptomic	gene
WBP1	transcriptomic	gene
LOC101927023	transcriptomic	gene
MTRNR2L2	transcriptomic	gene
TMEM187	transcriptomic	gene
TMSB10	transcriptomic	gene
KDF1	transcriptomic	gene
HDHD5	transcriptomic	gene
LYSMD1	transcriptomic	gene
PDLIM1	transcriptomic	gene
FAM174C	transcriptomic	gene
PAXX	transcriptomic	gene
SEPTIN9	transcriptomic	gene
AKIP1	transcriptomic	gene
SLC23A3	transcriptomic	gene
SNORD109B	transcriptomic	gene
JCAD	transcriptomic	gene
KLHDC8B	transcriptomic	gene
CRAMP1	transcriptomic	gene
DRAM1	transcriptomic	gene
CCDC97	transcriptomic	gene
H2AC19	transcriptomic	gene
PPP1R35	transcriptomic	gene
NHLRC4	transcriptomic	gene
ADGRG1	transcriptomic	gene
TTC36	transcriptomic	gene
KCTD12	transcriptomic	gene
MIR4732	transcriptomic	gene
PTRH1	transcriptomic	gene
YPEL2	transcriptomic	gene
MACROD1	transcriptomic	gene
IRF2BP1	transcriptomic	gene
RPL23AP32	transcriptomic	gene
CAVIN3	transcriptomic	gene
ZNF653	transcriptomic	gene
LINC02499	transcriptomic	gene
ZSWIM9	transcriptomic	gene
SNORD116-2	transcriptomic	gene
LOC375196	transcriptomic	gene
SNORD71	transcriptomic	gene
PDRG1	transcriptomic	gene
ZNF835	transcriptomic	gene
SNORA49	transcriptomic	gene
SMIM13	transcriptomic	gene
C10ORF95	transcriptomic	gene
TSPAN18	transcriptomic	gene
SNORA50A	transcriptomic	gene
LOC100507412	transcriptomic	gene
RBPJL	transcriptomic	gene
SNORD32A	transcriptomic	gene
GPR137	transcriptomic	gene
VASH1-AS1	transcriptomic	gene
ZMAT3	transcriptomic	gene
CNP	transcriptomic	gene
MIR4641	transcriptomic	gene
DNAJC30	transcriptomic	gene
ZNF593	transcriptomic	gene
MIR30C2	transcriptomic	gene
GPRC5C	transcriptomic	gene
ELK3	transcriptomic	gene
LINC01697	transcriptomic	gene
GPRASP3	transcriptomic	gene
PPM1J	transcriptomic	gene
YBEY	transcriptomic	gene
LOC100996740	transcriptomic	gene
PGAP3	transcriptomic	gene
SNORD116-6	transcriptomic	gene
RITA1	transcriptomic	gene
RNU6ATAC	transcriptomic	gene
KIAA1958	transcriptomic	gene
NDNF	transcriptomic	gene
SPOUT1	transcriptomic	gene
SNORA75	transcriptomic	gene
CDC42SE1	transcriptomic	gene
SNORD100	transcriptomic	gene
MIIP	transcriptomic	gene
SNAR-H	transcriptomic	gene
ASMTL	transcriptomic	gene
EPN3	transcriptomic	gene
NAA80	transcriptomic	gene
C1ORF210	transcriptomic	gene
FKBP11	transcriptomic	gene
SNORD111	transcriptomic	gene
CERNA2	transcriptomic	gene
LOC100286922	transcriptomic	gene
CKAP2	transcriptomic	gene
ZBTB9	transcriptomic	gene
CCDC183-AS1	transcriptomic	gene
SNORD59A	transcriptomic	gene
TMUB1	transcriptomic	gene
ZNF576	transcriptomic	gene
CIB1	transcriptomic	gene
LDAF1	transcriptomic	gene
LDOC1	transcriptomic	gene
DHRS4-AS1	transcriptomic	gene
CDK10	transcriptomic	gene
SNORD8	transcriptomic	gene
MIR421	transcriptomic	gene
MIR644A	transcriptomic	gene
CD7	transcriptomic	gene
PLBD2	transcriptomic	gene
AFM	transcriptomic	gene
SNORD52	transcriptomic	gene
LINC00863	transcriptomic	gene
INKA1	transcriptomic	gene
TMEM191B	transcriptomic	gene
TMEM98	transcriptomic	gene
CCDC102A	transcriptomic	gene
THEM6	transcriptomic	gene
SNORD116-5	transcriptomic	gene
PRRT3	transcriptomic	gene
CADM4	transcriptomic	gene
RAB11FIP5	transcriptomic	gene
STAP1	transcriptomic	gene
ZEB2-AS1	transcriptomic	gene
KATNB1	transcriptomic	gene
MIR587	transcriptomic	gene
TP53TG1	transcriptomic	gene
VIM-AS1	transcriptomic	gene
SNORA26	transcriptomic	gene
RTL5	transcriptomic	gene
LOC105378177	transcriptomic	gene
PCCA-DT	transcriptomic	gene
NAIF1	transcriptomic	gene
BSPRY	transcriptomic	gene
ANKRD16	transcriptomic	gene
TMEM134	transcriptomic	gene
SNORD104	transcriptomic	gene
DUSP18	transcriptomic	gene
KRTCAP3	transcriptomic	gene
ADGRL1	transcriptomic	gene
TMEM150A	transcriptomic	gene
HEXIM2-AS2	transcriptomic	gene
SLC35F6	transcriptomic	gene
BATF2	transcriptomic	gene
RAVER1	transcriptomic	gene
MIR548F2	transcriptomic	gene
TNK1	transcriptomic	gene
WIZ	transcriptomic	gene
C2ORF68	transcriptomic	gene
SCARNA9L	transcriptomic	gene
TMEM51	transcriptomic	gene
SCARNA20	transcriptomic	gene
LBX2-AS1	transcriptomic	gene
S100A6	transcriptomic	gene
SCAMP5	transcriptomic	gene
BCL2L12	transcriptomic	gene
RASA4B	transcriptomic	gene
SNORA14B	transcriptomic	gene
RIPOR1	transcriptomic	gene
KNOP1	transcriptomic	gene
ROBO4	transcriptomic	gene
SNORD14C	transcriptomic	gene
SOX12	transcriptomic	gene
NRSN2	transcriptomic	gene
SCARNA10	transcriptomic	gene
ANKRD39	transcriptomic	gene
MCRIP2	transcriptomic	gene
SNORD116-23	transcriptomic	gene
LBX2	transcriptomic	gene
MIR3670-1	transcriptomic	gene
VWA7	transcriptomic	gene
NHS-AS1	transcriptomic	gene
SHLD1	transcriptomic	gene
MTSS2	transcriptomic	gene
VAMP5	transcriptomic	gene
SMIM3	transcriptomic	gene
RCN3	transcriptomic	gene
SCARNA6	transcriptomic	gene
SNORA80E	transcriptomic	gene
CTXN1	transcriptomic	gene
OR7E14P	transcriptomic	gene
H2BP1	transcriptomic	gene
PRR7	transcriptomic	gene
SNORD116-3	transcriptomic	gene
CDIP1	transcriptomic	gene
TMEM208	transcriptomic	gene
CD164L2	transcriptomic	gene
OXLD1	transcriptomic	gene
C2ORF74-DT	transcriptomic	gene
DNAJC22	transcriptomic	gene
NRM	transcriptomic	gene
SNORD116-24	transcriptomic	gene
CCDC134	transcriptomic	gene
PLLP	transcriptomic	gene
PTP4A3	transcriptomic	gene
SNORD102	transcriptomic	gene
MAST3	transcriptomic	gene
RNF212B	transcriptomic	gene
DCAF15	transcriptomic	gene
RTL10	transcriptomic	gene
MIR1910	transcriptomic	gene
PYCR3	transcriptomic	gene
LINC01679	transcriptomic	gene
SNORD10	transcriptomic	gene
SNORD48	transcriptomic	gene
FAM138E	transcriptomic	gene
NCLN	transcriptomic	gene
LOC613038	transcriptomic	gene
MACROH2A2	transcriptomic	gene
HOXB8	transcriptomic	gene
ENDOG	transcriptomic	gene
NATD1	transcriptomic	gene
PAQR4	transcriptomic	gene
E4F1	transcriptomic	gene
HARBI1	transcriptomic	gene
RFLNB	transcriptomic	gene
SNORD17	transcriptomic	gene
SNORD116-8	transcriptomic	gene
RSPH14	transcriptomic	gene
TRIM47	transcriptomic	gene
PIK3CD-AS2	transcriptomic	gene
L3MBTL2-AS1	transcriptomic	gene
S100A16	transcriptomic	gene
SNORA11	transcriptomic	gene
NKAIN3	transcriptomic	gene
KCTD21-AS1	transcriptomic	gene
RBPMS2	transcriptomic	gene
SCAF1	transcriptomic	gene
SERTAD4-AS1	transcriptomic	gene
MIF4GD	transcriptomic	gene
SNORD63	transcriptomic	gene
REEP4	transcriptomic	gene
PNMA8A	transcriptomic	gene
PRAG1	transcriptomic	gene
CCDC71	transcriptomic	gene
BCAM	transcriptomic	gene
SNORA71D	transcriptomic	gene
STARD7-AS1	transcriptomic	gene
PLAC9	transcriptomic	gene
ENG	transcriptomic	gene
LINC01530	transcriptomic	gene
UBXN6	transcriptomic	gene
MILIP	transcriptomic	gene
SH3PXD2B	transcriptomic	gene
FAM86B3P	transcriptomic	gene
TMEM26	transcriptomic	gene
ZNF808	transcriptomic	gene
LOC105374458	transcriptomic	gene
ORAI3	transcriptomic	gene
NDUFB2-AS1	transcriptomic	gene
LRRC32	transcriptomic	gene
BCL3	transcriptomic	gene
N4BP2L2-IT2	transcriptomic	gene
GAS5-AS1	transcriptomic	gene
FBXO46	transcriptomic	gene
PIERCE2	transcriptomic	gene
TMEM120A	transcriptomic	gene
CELSR2	transcriptomic	gene
INE2	transcriptomic	gene
DPP3-DT	transcriptomic	gene
ZNF524	transcriptomic	gene
STEAP1	transcriptomic	gene
EVA1B	transcriptomic	gene
HAMP	transcriptomic	gene
SNORD41	transcriptomic	gene
ZNF319	transcriptomic	gene
GIMAP4	transcriptomic	gene
SCARNA4	transcriptomic	gene
LCIIAR	transcriptomic	gene
VMAC	transcriptomic	gene
HAO2-IT1	transcriptomic	gene
SYNDIG1	transcriptomic	gene
RNF157-AS1	transcriptomic	gene
RPL23AP82	transcriptomic	gene
DPP9	transcriptomic	gene
C8ORF48	transcriptomic	gene
SNORA7B	transcriptomic	gene
PLVAP	transcriptomic	gene
FJX1	transcriptomic	gene
CCDC120	transcriptomic	gene
MTFP1	transcriptomic	gene
H2BC7	transcriptomic	gene
ZNF598	transcriptomic	gene
ROGDI	transcriptomic	gene
SLC22A9	transcriptomic	gene
DNAJB3	transcriptomic	gene
C20ORF96	transcriptomic	gene
CCDC167	transcriptomic	gene
SNORD29	transcriptomic	gene
ASB16-AS1	transcriptomic	gene
TGFB1I1	transcriptomic	gene
ZNF787	transcriptomic	gene
RNASEH2A	transcriptomic	gene
MIR509-2	transcriptomic	gene
NAT9	transcriptomic	gene
GIPC3	transcriptomic	gene
MIR509-1	transcriptomic	gene
SCARNA5	transcriptomic	gene
CKS2	transcriptomic	gene
MRPS12	transcriptomic	gene
SNORD83B	transcriptomic	gene
KCTD5	transcriptomic	gene
NUPR1	transcriptomic	gene
SIT1	transcriptomic	gene
MIR612	transcriptomic	gene
PARP12	transcriptomic	gene
DGCR6L	transcriptomic	gene
LOC101927060	transcriptomic	gene
NICOL1	transcriptomic	gene
CA5BP1	transcriptomic	gene
FLYWCH2	transcriptomic	gene
TMEM54	transcriptomic	gene
RTL8A	transcriptomic	gene
SLC43A3	transcriptomic	gene
SLC67A1-AS	transcriptomic	gene
TMEM38A	transcriptomic	gene
ISM1	transcriptomic	gene
TRIM7-AS2	transcriptomic	gene
MFSD10	transcriptomic	gene
NXPE3	transcriptomic	gene
PYROXD2	transcriptomic	gene
CEP19	transcriptomic	gene
LOC102723342	transcriptomic	gene
LINC01843	transcriptomic	gene
SNORA12	transcriptomic	gene
DUSP19	transcriptomic	gene
LOC100240735	transcriptomic	gene
TMEM120B	transcriptomic	gene
MNT	transcriptomic	gene
TMEM238	transcriptomic	gene
HNF1A-AS1	transcriptomic	gene
TGM2	transcriptomic	gene
PEX39	transcriptomic	gene
FAM89B	transcriptomic	gene
TAGLN	transcriptomic	gene
LOC286437	transcriptomic	gene
SMIM10	transcriptomic	gene
CASTOR3P	transcriptomic	gene
RNF224	transcriptomic	gene
CMTM3	transcriptomic	gene
AQP7B	transcriptomic	gene
IGFLR1	transcriptomic	gene
DSTNP2	transcriptomic	gene
SNORA78	transcriptomic	gene
TMEM72	transcriptomic	gene
H2AC8	transcriptomic	gene
GLIPR2	transcriptomic	gene
MIR3198-1	transcriptomic	gene
TMEM88B	transcriptomic	gene
BCL6B	transcriptomic	gene
KAAG1	transcriptomic	gene
RIPPLY1	transcriptomic	gene
MIR127	transcriptomic	gene
ADGRL1-AS1	transcriptomic	gene
SNORA79	transcriptomic	gene
C15ORF48	transcriptomic	gene
RPS2P32	transcriptomic	gene
C1ORF53	transcriptomic	gene
LOC105375282	transcriptomic	gene
SECTM1	transcriptomic	gene
TAL2	transcriptomic	gene
MIR3161	transcriptomic	gene
MIR3175	transcriptomic	gene
SCGB1D2	transcriptomic	gene
H2BC8	transcriptomic	gene
MIR513A2	transcriptomic	gene
TRAPPC6A	transcriptomic	gene
TRA2B	transcriptomic	gene
TRAPPC1	transcriptomic	gene
IGHM	transcriptomic	gene
TRAPPC5	transcriptomic	gene
TRAPPC2L	transcriptomic	gene
IGKV3D-15	transcriptomic	gene
IGLJ3	transcriptomic	gene
IGKV@	transcriptomic	gene
IGK	transcriptomic	gene
IGHV4-31	transcriptomic	gene
TRBV20OR9-2	transcriptomic	gene
IGH	transcriptomic	gene
IGLL5	transcriptomic	gene
TRBV23-1	transcriptomic	gene
TRABD	transcriptomic	gene
TRBV3-1	transcriptomic	gene
TRAM2	transcriptomic	gene
ABCA1	transcriptomic	gene
ADIPOQ	transcriptomic	gene
ANGPTL3	transcriptomic	gene
ANGPTL4	transcriptomic	gene
APOA5	transcriptomic	gene
APOB	transcriptomic	gene
APOC3	transcriptomic	gene
APOE	transcriptomic	gene
CETP	transcriptomic	gene
CRP	transcriptomic	gene
INSIG1	transcriptomic	gene
INSIG2	transcriptomic	gene
LCAT	transcriptomic	gene
LDLRAP1	transcriptomic	gene
LIPC	transcriptomic	gene
LPA	transcriptomic	gene
LPL	transcriptomic	gene
MTTP	transcriptomic	gene
NPC1L1	transcriptomic	gene
PCSK9	transcriptomic	gene
PON1	transcriptomic	gene
SCAP	transcriptomic	gene
SORT1	transcriptomic	gene
SREBF1	transcriptomic	gene
SREBF2	transcriptomic	gene
